timestamp,distance,speed,throttle,brake
0.0,0.0,12.421723651885987,0.0,0.0
0.09898649999922782,0.3406244394981515,12.388032531738281,0.0,0.0
0.19892369999979564,0.68429571205145,12.379940414428711,0.0,0.0
0.298890099998971,1.0279891531523593,12.377122592926026,0.0,0.0
0.39959169999929145,1.3748708409971675,12.400737190246582,0.0,0.0
0.4989270999994915,1.7177601484852028,12.426602268218994,0.0,0.0
0.5988916000005702,2.0615957299344876,12.382476711273194,0.0,0.0
0.6987979999994423,2.405116185377425,12.378322505950928,0.0,0.0
0.7989696000004187,2.7497300435244,12.384846496582032,0.0,0.0
0.9020605999994586,3.1045555415002597,12.390720748901368,0.0,0.0
0.9995252999997319,3.440394182779373,12.404687118530275,0.0,0.0
1.1000759999988077,3.786557575329091,12.393630409240723,0.0,0.0
1.1990573000002769,4.127497598209342,12.400161266326904,0.0,0.0
1.2991521000003559,4.472413931761593,12.405227851867677,0.0,0.0
1.3994050999990577,4.816983759314218,12.373209571838379,0.0,0.0
1.4992598999997426,5.161458374043029,12.419118690490723,0.0,0.0
1.5990603999998712,5.504688391429908,12.380980682373048,0.0,0.0
1.7013186999993195,5.857125237095631,12.407527256011964,0.0,0.0
1.7992960999999923,6.195030426888152,12.41570692062378,0.0,0.0
1.8991549000002124,6.538650508213487,12.38781452178955,0.0,0.0
1.9997241999990365,6.886532172404027,12.452845859527589,0.0,0.0
2.100208500000008,7.232462539227778,12.393471622467041,0.0,0.0
2.2006886999988637,7.580062658897072,12.453801155090332,0.0,0.0
2.300873000000138,7.926205474750826,12.438217735290527,0.0,0.0
2.3999423000004754,8.267937167968958,12.417914485931396,0.0,0.0
2.50964759999988,8.647826619180496,12.466143608093262,0.0,0.0
2.6020962999991752,8.966120094567811,12.394511890411378,0.0,0.0
2.633007299999008,9.072705252409156,12.413269329071046,0.0,0.0
2.649266299998999,9.128827244681025,12.426297569274903,0.0,0.0
2.66608400000041,9.187006763921017,12.453918743133546,0.0,0.0
2.684245500000543,9.249638223685718,12.414902687072754,0.0,0.0
2.6992962999993324,9.301688625924287,12.449932765960694,0.0,0.0
2.716186999999991,9.35998261531965,12.424491691589356,0.0,0.0
2.732401100000061,9.4159675920191,12.430286979675293,0.0,0.0
2.750215300000491,9.477418513121153,12.418369388580322,0.0,0.0
2.768745299999864,9.541371020850903,12.424664211273194,0.0,0.0
2.782466499998918,9.5887271116134,12.424709701538086,0.0,0.0
2.7993284999993193,9.647009618502222,12.44318733215332,0.0,0.0
2.8158072999995056,9.703959755594598,12.441469860076905,0.0,0.0
2.8324267999996664,9.761339979814952,12.429303359985353,0.0,0.0
2.849105499999496,9.818971022799825,12.439324092864991,0.0,0.0
2.8656384000005346,9.875893467689252,12.394728183746338,0.0,0.0
2.8823326000001543,9.933589611475941,12.441813182830812,0.0,0.0
2.899028100000578,9.991137686852483,12.408916854858399,0.0,0.0
2.9156387000002724,10.048483670306751,12.428542041778565,0.0,0.0
2.9323337000005267,10.10624718080544,12.455743503570558,0.0,0.0
2.9490153999995528,10.163749223872255,12.409248161315919,0.0,0.0
2.965643399998953,10.221376656020064,12.476470756530762,0.0,0.0
2.982352600000013,10.27923013527674,12.464542007446289,0.0,0.0
2.998932099999365,10.336408196060992,12.41539363861084,0.0,0.0
3.016703100000086,10.397781120499097,12.43275718688965,0.0,0.0
3.0347765000005893,10.460506022811263,12.494032573699952,0.0,0.0
3.04945029999908,10.51168475496051,12.555945682525635,0.0,0.0
3.0660876000001736,10.569904218201552,12.59760103225708,0.0,0.0
3.0823081999988062,10.626819562707405,12.631791687011718,0.0,0.0
3.098863100000017,10.684997036544386,12.651173114776611,0.0,0.0
3.115475599999627,10.743370168181782,12.649707984924317,0.0,0.0
3.1324530000001687,10.802848355672188,12.612147617340089,0.0,0.0
3.148758799999996,10.85966014933275,12.54292688369751,0.0,0.0
3.165782099998978,10.918637484977808,12.472223854064941,0.0,0.0
3.1820905999993556,10.97510389085444,12.464608097076416,0.0,0.0
3.1993648999996367,11.03509093775254,12.501425170898438,0.0,0.0
3.2154841999999917,11.091017964659882,12.490449142456056,0.0,0.0
3.2321154000001115,11.148494402054437,12.441385746002197,0.0,0.0
3.2487824999989243,11.206086419785793,12.439552402496338,0.0,0.0
3.2654449000001478,11.263730843971391,12.454383945465088,0.0,0.0
3.283359199998813,11.325510877250904,12.41511640548706,0.0,0.0
3.298817999999301,11.378765531861312,12.401787757873535,0.0,0.0
3.316993000000366,11.441460104891881,12.418182277679444,0.0,0.0
3.3323428999992757,11.494299784206818,12.3924485206604,0.0,0.0
3.348764200000005,11.550894182654009,12.407046604156495,0.0,0.0
3.3655072000001383,11.608590370706645,12.405559158325195,0.0,0.0
3.382052200000544,11.66553895745688,12.39135160446167,0.0,0.0
3.3989533000003576,11.723769350575383,12.403300094604493,0.0,0.0
3.4155243000004702,11.78083663893732,12.397697067260742,0.0,0.0
3.4320984999994835,11.837922996874166,12.39944543838501,0.0,0.0
3.448704299999008,11.895122169357165,12.400307178497314,0.0,0.0
3.4654709000005823,11.95282077670745,12.388617038726807,0.0,0.0
3.482103599999391,12.010084047185911,12.394125652313233,0.0,0.0
3.4990662000000157,12.068466605286472,12.390624618530273,0.0,0.0
3.5153670999989117,12.124588374442347,12.394307613372803,0.0,0.0
3.5321469999998953,12.182400817735516,12.403220272064209,0.0,0.0
3.5489925000001676,12.240417193753904,12.398501300811768,0.0,0.0
3.5660760999999184,12.299361178350727,12.421172618865967,0.0,0.0
3.5822726000005787,12.355153439577391,12.400959491729736,0.06161399930715561,0.0
3.599483500000133,12.41513984198532,12.547342014312745,0.25254198908805847,0.0
3.6155825999994704,12.47309465441706,12.95956449508667,0.5247780084609985,0.0
3.632135100000596,12.535803857089396,13.638612270355225,0.833076000213623,0.0
3.648855600000388,12.602810992628333,14.426942253112793,1.0,0.0
3.6655258999999205,12.67458620983194,15.50006790161133,1.0,0.0
3.6820557999999437,12.750593370755766,16.553383827209473,1.0,0.0
3.6991239999988466,12.834677316090232,17.73486385345459,1.0,0.0
3.715599299999667,12.920902613451513,18.840996551513673,1.0,0.0
3.7324021000003995,13.01374799614866,19.892123794555665,1.0,0.0
3.749057699998957,13.108279298681444,20.43232841491699,1.0,0.0
3.7656693999997515,13.202697239257077,20.461758041381838,1.0,0.0
3.7821751999999833,13.295451498426528,20.23018169403076,1.0,0.0
3.7989524000004167,13.390645135645174,20.426358032226563,1.0,0.0
3.816671499998847,13.49163162428803,20.51748447418213,1.0,0.0
3.836682999999539,13.60677608143174,20.714091682434084,1.0,0.0
3.849043399999573,13.677608617660878,20.630168151855468,1.0,0.0
3.866435099998853,13.77723728431711,20.62266483306885,1.0,0.0
3.882169700000304,13.868610224847922,20.905684661865234,1.0,0.0
3.899056099999143,13.969545032612283,21.518222236633303,1.0,0.0
3.9154892999995354,14.070514328537545,22.1192138671875,1.0,0.0
3.9321832999994513,14.179219838944444,23.4419454574585,1.0,0.0
3.948832799998854,14.291987684473533,24.382969093322753,1.0,0.0
3.9657052000002295,14.414086042468792,26.05166358947754,1.0,0.0
3.982192600000417,14.540254411190281,27.548681259155273,1.0,0.0
3.9989819999991596,14.677165719165144,29.356660079956054,1.0,0.0
4.015503499998886,14.82099705069476,31.340543746948242,1.0,0.0
4.032134499999302,14.97490959830317,33.31640739440918,1.0,0.0
4.048746799999208,15.138553940785576,35.46285781860352,1.0,0.0
4.065490200000568,15.314345158050106,37.79688606262207,1.0,0.0
4.0827976999989914,15.505470002710148,39.75440940856934,1.0,0.0
4.099410999999236,15.699773821841427,42.104443359375004,1.0,0.0
4.117893399999957,15.925566446203264,43.979864501953124,1.0,0.0
4.132469899999705,16.10850420691845,45.18066329956055,1.0,0.0
4.148932000000059,16.31998308965319,46.24707527160645,1.0,0.0
4.165446099999826,16.536359163015543,47.1690170288086,1.0,0.0
4.182108499999231,16.75876734560037,48.052468872070314,1.0,0.0
4.199050299999726,16.987828099290347,48.673618698120116,1.0,0.0
4.21551079999881,17.213067726191365,49.26111946105957,1.0,0.0
4.232707400000436,17.45146612576548,49.90720481872559,1.0,0.0
4.249476699998922,17.686576789027516,50.473089981079106,1.0,0.0
4.265621200000169,17.91254240593539,50.38720436096192,1.0,0.0
4.282760599999165,18.153753582875147,50.664564514160155,1.0,0.0
4.299199699999008,18.38662171149088,50.995812606811526,1.0,0.0
4.315519599998879,18.618512876638167,51.15277633666992,1.0,0.0
4.332172099999298,18.857209662616285,51.60236778259277,1.0,0.0
4.34905979999894,19.10160979581796,52.09948539733887,1.0,0.0
4.366148900000553,19.34786330050028,51.87591018676758,1.0,0.0
4.383104299999104,19.590245240013562,51.462954711914065,1.0,0.0
4.399765899999693,19.82902369970065,51.59183120727539,1.0,0.0
4.417729499999041,20.088348368389354,51.97002868652344,1.0,0.0
4.4330221000000165,20.309537016170722,52.06957168579102,0.8973850011825562,0.0
4.452818899999329,20.597597187350598,52.38304252624512,0.7426350116729736,0.0
4.4660358000001,20.790543525527035,52.554442977905275,0.6277790069580078,0.0
4.4833918000003905,21.043902566058623,52.552001953125,0.5374820232391357,0.0
4.499181400000452,21.274542403219257,52.585462188720705,0.4620380103588104,0.0
4.515633600000001,21.51516954130813,52.653000640869145,0.3966529965400696,0.0
4.532280100000207,21.75842628907001,52.607112121582034,0.20472100377082825,0.0
4.549643700000161,22.009403315355648,52.03513641357422,0.1018339991569519,0.0
4.5657859000002645,22.23723311517191,50.81012992858887,0.025536999106407166,0.0
4.582569700000022,22.465756953193317,49.01665992736817,0.0,0.0
4.598810999999841,22.676966960849356,46.81620483398438,0.0,0.0
4.615486999999121,22.880840466154417,44.012030410766606,0.0,0.0
4.63339090000045,23.087399735783304,41.53359718322754,0.0,0.0
4.649567500000558,23.26283650982489,39.04234428405762,0.0,0.0
4.66633499999989,23.435169834531735,37.00014724731445,0.03878699988126755,0.0
4.683459800000492,23.604117284003614,35.51637496948242,0.1587039977312088,0.0
4.698890699999538,23.75236664013087,34.586296463012694,0.32910698652267456,0.0
4.715710399999807,23.914235897218784,34.64564323425293,0.45377498865127563,0.0
4.732178500000373,24.07297756599255,34.7016357421875,0.5332419872283936,0.0
4.7488534999993135,24.234794143345283,34.93491325378418,0.588795006275177,0.0
4.76587759999893,24.405017706471448,35.99631271362305,0.6147390007972717,0.0
4.782179800000449,24.57281193263092,37.05384635925293,0.6277790069580078,0.0
4.798883899999055,24.75155628154836,38.5222583770752,0.6277790069580078,0.0
4.81560940000054,24.93639074905878,39.78380813598633,0.6321370005607605,0.0
4.83219199999985,25.12651753520505,41.275579833984374,0.6321370005607605,0.0
4.848805199999333,25.32455221975356,42.91315727233887,0.6321370005607605,0.0
4.865770399999747,25.53301516293415,44.23564682006836,0.6321370005607605,0.0
4.88397409999925,25.762561122815963,45.395466613769536,0.6277790069580078,0.0
4.899491199999829,25.964737655406083,46.90538291931153,0.5974220037460327,0.0
4.915835699999661,26.18302757959722,48.080010223388676,0.5758939981460571,0.0
4.9325255999992805,26.40979781721059,48.914184951782225,0.5630409717559814,0.0
4.9488297999996576,26.63540609007347,49.81475830078125,0.5630409717559814,0.0
4.965613399999711,26.871858573816365,50.71789970397949,0.5630409717559814,0.0
4.982229199998983,27.109813051102385,51.55551452636719,0.5630409717559814,0.0
4.998894599999403,27.350952111834058,52.0899959564209,0.5630409717559814,0.0
5.015631599999324,27.594873660233784,52.465649414062504,0.5587679743766785,0.0
5.032379199999923,27.840064104135223,52.70519943237305,0.5332419872283936,0.0
5.048889100000451,28.08334123804594,53.04681930541992,0.5163360238075256,0.0
5.0656636000003346,28.332590929421844,53.491841125488286,0.5121240019798279,0.0
5.082209700000021,28.580197448434184,53.87272338867188,0.5121240019798279,0.0
5.098825299999589,28.829043810886134,53.91601295471192,0.49952200055122375,0.0
5.115754799999195,29.081450592810697,53.673434829711915,0.4953339993953705,0.0
5.13230300000032,29.32794748105778,53.62449073791504,0.4703249931335449,0.0
5.1490290999990975,29.577151386433453,53.63677482604981,0.45377498865127563,0.0
5.166846699999951,29.84156967082112,53.42503051757813,0.4455370008945465,0.0
5.184869599999729,30.108697145659804,53.357612228393556,0.43732398748397827,0.0
5.198898399999962,30.31497432632729,52.93381118774414,0.42505401372909546,0.0
5.215961800000514,30.563436655821416,52.420056152343754,0.42097601294517517,0.0
5.232188899999528,30.798099696407746,52.060253906250004,0.3966529965400696,0.0
5.24893449999945,31.038348598072886,51.64915237426758,0.32910698652267456,0.0
5.265549899999314,31.2744811626452,51.16200828552246,0.2713629901409149,0.0
5.282364799999414,31.51033254697391,50.494798278808595,0.22291499376296997,0.0
5.29898890000004,31.738682929534665,49.44997787475586,0.22291499376296997,0.0
5.315628999998808,31.96142693779367,48.18951988220215,0.20472100377082825,0.0
5.332090699999753,32.17770685169503,47.298133850097656,0.20472100377082825,0.0
5.34897009999986,32.39517826957303,46.381808853149415,0.20472100377082825,0.0
5.365578900000401,32.604856972586596,45.44839668273926,0.14495599269866943,0.0
5.382512099999076,32.81286014481611,44.22149505615234,0.1018339991569519,0.0
5.398848499999076,33.00840772963629,43.0921932220459,0.06161399930715561,0.0
5.4167698999990535,33.21790341893866,42.08289985656739,0.025536999106407166,0.0
5.432850600000165,33.40156666825804,41.11684799194336,0.0,0.0
5.448962599999504,33.580730416190754,40.0316219329834,0.0,0.0
5.4671772999990935,33.77815108527619,39.01872711181641,0.0,0.0
5.482640500000343,33.94037605008957,37.767724227905276,0.0,0.0
5.498779499999728,34.103502609906386,36.38736076354981,0.0,0.0
5.515554899999188,34.26791361179318,35.2825927734375,0.0,0.0
5.532131399999344,34.42635133389588,34.40869903564453,0.0,0.0
5.548791899998832,34.58230752666444,33.69900627136231,0.0,0.0
5.5654517999992095,34.736554594736624,33.33089904785157,0.0,0.0
5.582091500000388,34.88946551220675,33.08228530883789,0.0,0.0
5.598839500000395,35.042449823169484,32.8841365814209,0.0,0.0
5.6154623000002175,35.19372588583991,32.76185874938965,0.0,0.0
5.632441100000506,35.3469100982479,32.479513549804686,0.0,0.0
5.6488052000004245,35.494784193886495,32.531379318237306,0.0,0.0
5.665619199999128,35.6449335717779,32.14807662963867,0.0,0.0
5.682426600000326,35.791618183106564,31.418577575683596,0.0,0.0
5.702243699999599,35.96188226517257,30.93039321899414,0.0,0.0
5.7159374999992,36.07754892949892,30.407921218872072,0.0,0.0
5.7384493999998085,36.26450135623041,29.896576309204104,0.0,0.0
5.748875999999655,36.350359342366914,29.644251251220705,0.0,0.0
5.765516100000241,36.48544061191694,29.22413749694824,0.0,0.0
5.782153899999685,36.61941235130627,28.988103103637695,0.0,0.0
5.7991204999998445,36.754448689283045,28.652223587036133,0.0,0.0
5.815425900000264,36.88273260279047,28.32326030731201,0.0,0.0
5.832243200000448,37.014697733409626,28.249152374267577,0.0,0.0
5.8487838999990345,37.14344214887108,28.020573234558107,0.0,0.0
5.865604599999642,37.2726228440996,27.6475118637085,0.015698999166488647,0.0
5.88223409999955,37.39900821608839,27.36025371551514,0.04998200014233589,0.0
5.899219799999628,37.52757393116719,27.248601722717286,0.06161399930715561,0.0
5.915499099999579,37.650915094570856,27.275631523132326,0.07668299973011017,0.0
5.932373800000278,37.78019523318867,27.580253219604494,0.07668299973011017,0.0
5.948820499999783,37.90691396552539,27.737323379516603,0.07668299973011017,0.0
5.969264999999723,38.06522640447236,27.87667980194092,0.07668299973011017,0.0
5.982683500000348,38.16935182407126,27.935425758361816,0.07668299973011017,0.0
5.999165299999731,38.29836274984568,28.178920555114747,0.06161399930715561,0.0
6.015706500000306,38.428442397014926,28.310323905944824,0.06161399930715561,0.0
6.032211499999903,38.5582933960762,28.32254447937012,0.03878699988126755,0.0
6.048761199999717,38.688317363445776,28.283671760559084,0.03878699988126755,0.0
6.0655826999991405,38.819861592582264,28.152021217346192,0.06161399930715561,0.0
6.0821875000001455,38.94904063751653,28.006634330749513,0.1018339991569519,0.0
6.098825799999759,39.07767510246081,27.832415199279787,0.14495599269866943,0.0
6.1159122999997635,39.21084058062838,28.056987762451172,0.17617100477218628,0.0
6.132552699998996,39.342862610353656,28.561771774291994,0.17617100477218628,0.0
6.1489913999994315,39.47657011767398,29.281331634521486,0.1903569996356964,0.0
6.165580400000181,39.61408172613108,29.84156913757324,0.1903569996356964,0.0
6.182104299999992,39.7534095989429,30.354840087890626,0.1903569996356964,0.0
6.199068500000067,39.89749164623262,30.575881576538087,0.1903569996356964,0.0
6.21583819999978,40.04031710538851,30.66075439453125,0.1903569996356964,0.0
6.2343294999991485,40.19914376123331,30.92135009765625,0.20472100377082825,0.0
6.250119700000141,40.33538143023334,31.06075973510742,0.20472100377082825,0.0
6.265490800000407,40.46900629937313,31.295712661743163,0.20472100377082825,0.0
6.284734699998808,40.6379920898727,31.612554931640627,0.22291499376296997,0.0
6.298996100000295,40.76464993001042,31.9721923828125,0.22291499376296997,0.0
6.315832799999043,40.91540806193223,32.23489608764648,0.22291499376296997,0.0
6.3324708999989525,41.06585148862371,32.551573562622075,0.2376520037651062,0.0
6.348800599998867,41.21560693925721,33.01466789245605,0.2376520037651062,0.0
6.365562099999806,41.37132167325184,33.444085693359376,0.2376520037651062,0.0
6.38219190000018,41.52791049294854,33.89816780090332,0.2713629901409149,0.0
6.3989177999992535,41.68737176879506,34.32165641784668,0.34480899572372437,0.0
6.415869099999327,41.851121696027654,34.776078414916995,0.4128420054912567,0.0
6.432351600000402,42.01134958290324,34.9959285736084,0.42097601294517517,0.0
6.448851199998899,42.17275018960965,35.215531539916995,0.42097601294517517,0.0
6.4656844000001,42.33835576204541,35.41691780090332,0.42505401372909546,0.0
6.482200599999487,42.5025528511392,35.78968048095703,0.42505401372909546,0.0
6.4991866999989725,42.67302749330599,36.13005409240723,0.42505401372909546,0.0
6.516150100000232,42.845040370999726,36.50484924316407,0.42505401372909546,0.0
6.53294249999999,43.01704372362367,36.87454261779785,0.42505401372909546,0.0
6.548835399999007,43.182218946025465,37.41487083435059,0.42505401372909546,0.0
6.565502899999046,43.35762511198333,37.88583755493164,0.42505401372909546,0.0
6.582182099999045,43.53532189358885,38.35366287231445,0.42505401372909546,0.0
6.59884190000048,43.71463329925386,38.74722747802735,0.42505401372909546,0.0
6.615475399999923,43.89630126010613,39.31852340698242,0.42505401372909546,0.0
6.632321699999011,44.08238998037479,39.76655960083008,0.42505401372909546,0.0
6.64884499999971,44.267605316856475,40.35363464355469,0.42505401372909546,0.0
6.66565509999964,44.459430646505595,41.08073043823242,0.42505401372909546,0.0
6.682363300000361,44.652360119227396,41.569175720214844,0.42505401372909546,0.0
6.6988851000005525,44.84601021008295,42.195180130004886,0.42505401372909546,0.0
6.715567999999621,45.04559629143434,43.06864471435547,0.42505401372909546,0.0
6.73269529999925,45.254297414612026,43.867045211792,0.4128420054912567,0.0
6.749115200000233,45.458092126181135,44.68120765686035,0.38057300448417664,0.0
6.766264800000499,45.67467000372661,45.46347198486328,0.38057300448417664,0.0
6.783704399998896,45.898493000373904,46.203054428100586,0.36063098907470703,0.0
6.798858000000109,46.0954893668417,46.79989700317383,0.36063098907470703,0.0
6.81602489999932,46.32104862106802,47.301103591918945,0.36063098907470703,0.0
6.8326892999994016,46.542083139746246,47.74995002746582,0.36063098907470703,0.0
6.848950600000535,46.759862614278774,48.213003158569336,0.36063098907470703,0.0
6.865527800000564,46.9841159700981,48.700147247314455,0.36063098907470703,0.0
6.882202799999504,47.21158263132232,49.1082447052002,0.36063098907470703,0.0
6.898855899999035,47.44039979487187,49.46477165222168,0.36063098907470703,0.0
6.91556970000056,47.671940715405206,49.87180137634277,0.36063098907470703,0.0
6.932500299999447,47.90872294922943,50.34765701293946,0.36063098907470703,0.0
6.948929700000008,48.14013007742966,50.70578727722168,0.34480899572372437,0.0
6.965514899999107,48.37499237121611,50.97944297790527,0.34480899572372437,0.0
6.982139100000495,48.61180290927795,51.281742095947266,0.34480899572372437,0.0
6.99884849999944,48.85141237732941,51.623283004760744,0.34480899572372437,0.0
7.015652599999157,49.09383174738635,51.934333419799806,0.34480899572372437,0.0
7.034725100000287,49.370281212019506,52.18078765869141,0.34480899572372437,0.0
7.049503899999763,49.58536051994569,52.39163589477539,0.34480899572372437,0.0
7.0669660000003205,49.840697220188346,52.6404109954834,0.34480899572372437,0.0
7.082397500000297,50.06732780332647,52.87043380737305,0.34480899572372437,0.0
7.099071399999957,50.31325062293071,53.09628524780273,0.34480899572372437,0.0
7.115748199999871,50.560008452246144,53.26730461120606,0.34480899572372437,0.0
7.132654499999262,50.81093465912483,53.43181800842285,0.32910698652267456,0.0
7.1494380999993155,51.060656718233595,53.5641586303711,0.32910698652267456,0.0
7.165706800000407,51.3034390797183,53.72380714416504,0.32910698652267456,0.0
7.18241499999931,51.55313464661855,53.80017242431641,0.32910698652267456,0.0
7.199112099999184,51.80316267451087,53.90761871337891,0.32910698652267456,0.0
7.215700900000229,52.0516911301906,53.93412666320801,0.32910698652267456,0.0
7.232518599999821,52.30420136331235,54.05238761901855,0.32910698652267456,0.0
7.249447000000146,52.55878352738126,54.139540100097655,0.32910698652267456,0.0
7.265961699999025,52.80738547200951,54.19214401245117,0.32910698652267456,0.0
7.282855699999345,53.06197890076151,54.25218086242676,0.32910698652267456,0.0
7.299383100000341,53.310986446203835,54.23884963989258,0.32910698652267456,0.0
7.316177200000311,53.5640366750279,54.2440990447998,0.32910698652267456,0.0
7.33288580000044,53.815771629287426,54.23828659057617,0.32910698652267456,0.0
7.349627300000066,54.06791941395881,54.22047157287598,0.32910698652267456,0.0
7.366412299999865,54.32061287188827,54.19698829650879,0.32910698652267456,0.0
7.382349100000283,54.560114656802085,54.101602935791014,0.32910698652267456,0.0
7.399051200000031,54.81006344946541,53.87440223693848,0.32910698652267456,0.0
7.415891399999964,55.06091640010815,53.6258846282959,0.32910698652267456,0.0
7.432395699999688,55.305534454685315,53.35730667114258,0.32910698652267456,0.0
7.448950699999841,55.54974032926891,53.10426750183105,0.32910698652267456,0.0
7.4659778000004735,55.79992803196184,52.896601867675784,0.34480899572372437,0.0
7.482324599999629,56.03858921359967,52.55953788757324,0.34480899572372437,0.0
7.499043599998913,56.27927883795422,51.82622451782227,0.34480899572372437,0.0
7.515688899999077,56.51539977519352,51.0675910949707,0.34480899572372437,0.0
7.532465000000229,56.750071780074904,50.358499145507814,0.34480899572372437,0.0
7.549243999999817,56.98176161411557,49.70995903015137,0.36063098907470703,0.0
7.565787999999884,57.20793243720609,49.215121078491215,0.36063098907470703,0.0
7.582983899999817,57.441116670881335,48.817639160156254,0.3966529965400696,0.0
7.600599100000181,57.67928653033526,48.674525070190434,0.3966529965400696,0.0
7.6159067999997205,57.88655067095383,48.74350204467773,0.3966529965400696,0.0
7.6324069000002055,58.111115484194855,48.99566230773926,0.3966529965400696,0.0
7.649008299998968,58.33877997088252,49.36885757446289,0.3966529965400696,0.0
7.6658081999994465,58.57121687391849,49.80820426940918,0.42505401372909546,0.0
7.682944500000303,58.81078250351058,50.328032684326175,0.43732398748397827,0.0
7.698988399999507,59.03782756670208,50.94535789489746,0.441428005695343,0.0
7.71575219999977,59.2780831311685,51.59450912475586,0.4455370008945465,0.0
7.732347899998786,59.5195874459799,52.388000106811525,0.4455370008945465,0.0
7.749163000000408,59.76789429913744,53.16082992553711,0.45377498865127563,0.0
7.765768899998875,60.015606185055695,53.70156326293945,0.45377498865127563,0.0
7.782675799999197,60.27099175438362,54.37945747375488,0.47447800636291504,0.0
7.799058200000218,60.52184491087814,55.12448501586914,0.4953339993953705,0.0
7.815731799999412,60.78036159131609,55.816383361816406,0.49952200055122375,0.0
7.832295899999735,61.04044677144611,56.526261520385745,0.49952200055122375,0.0
7.849818099999538,61.31833261484833,57.09266166687012,0.5079180002212524,0.0
7.86658609999904,61.58687394760402,57.65438919067383,0.5079180002212524,0.0
7.883263399999123,61.85804175991444,58.53490219116211,0.5079180002212524,0.0
7.8994411999992735,62.12478433348794,59.357469177246095,0.5079180002212524,0.0
7.915739199999734,62.39634081195402,59.98302383422852,0.5079180002212524,0.0
7.932461399999738,62.676716392929805,60.360005950927736,0.5079180002212524,0.0
7.949038499999006,62.9564011726738,60.738320159912114,0.5079180002212524,0.0
7.965789500000028,63.241185489589526,61.203721618652345,0.5079180002212524,0.0
7.982404899999892,63.52640367735575,61.797216796875,0.5079180002212524,0.0
7.999205199999778,63.81632619758885,62.125144958496094,0.5079180002212524,0.0
8.015888599999016,64.10647431554587,62.609133911132815,0.5079180002212524,0.0
8.032510699998966,64.398297605832,63.20283508300781,0.5079180002212524,0.0
8.049086199998783,64.69074771424629,63.51665954589844,0.5079180002212524,0.0
8.065831699999762,64.9881344793222,63.93313751220703,0.5079180002212524,0.0
8.08246920000056,65.28559760635348,64.36467361450195,0.5079180002212524,0.0
8.09933269999965,65.58894096082834,64.75737991333008,0.5079180002212524,0.0
8.116231699999844,65.89396854258462,64.98013458251954,0.5079180002212524,0.0
8.135602199999994,66.24330959572414,64.92490081787109,0.5121240019798279,0.0
8.14982769999915,66.5009860202551,65.20931625366211,0.5332419872283936,0.0
8.16639000000032,66.80419462362161,65.9057601928711,0.5587679743766785,0.0
8.182374300000447,67.09946768218586,66.50169296264649,0.5758939981460571,0.0
8.199537500000588,67.41867132367102,66.95331344604493,0.5931059718132019,0.0
8.215722499999174,67.72164593054954,67.39008865356446,0.5931059718132019,0.0
8.232465699999011,68.03680439691458,67.76306076049805,0.5931059718132019,0.0
8.249123899999177,68.35293486252783,68.3188865661621,0.5931059718132019,0.0
8.265881799999988,68.67449365767223,69.07856369018555,0.5974220037460327,0.0
8.28239829999984,68.99463167598087,69.77851638793946,0.5974220037460327,0.0
8.299111999998786,69.32130550241136,70.36298217773438,0.5974220037460327,0.0
8.315723399999115,69.64793691984374,70.78711624145508,0.5974220037460327,0.0
8.33270149999953,69.98407057991132,71.27306213378907,0.5974220037460327,0.0
8.349141900000177,70.3120901564295,71.82735671997071,0.5974220037460327,0.0
8.36585980000018,70.64810659221105,72.35712432861328,0.5974220037460327,0.0
8.383197900000596,70.99815602809991,72.68258743286133,0.6060699820518494,0.0
8.40023839999958,71.34376864687185,73.014608001709,0.6277790069580078,0.0
8.417179699999906,71.68886921081149,73.3333351135254,0.6277790069580078,0.0
8.432552599999326,72.00471022187364,73.96311950683594,0.6452379822731018,0.0
8.449028799999724,72.3457350801155,74.51290283203126,0.6452379822731018,0.0
8.465729499999725,72.69435480247424,75.14840698242188,0.6627749800682068,0.0
8.482380100000228,73.04416022045545,75.63087844848633,0.693651020526886,0.0
8.499313599999368,73.40179759563948,76.03239440917969,0.729220986366272,0.0
8.516035499998907,73.75819571959892,76.72771911621093,0.7786030173301697,0.0
8.532455499998832,74.11211579604384,77.59514465332032,0.8148509860038757,0.0
8.549080099999628,74.47444806648012,78.46180801391601,0.837643027305603,0.0
8.565750499999922,74.84189962752785,79.35176239013673,0.837643027305603,0.0
8.582596099999137,75.21689010949585,80.13758697509766,0.837643027305603,0.0
8.599041399998896,75.58727120828499,81.07921142578125,0.837643027305603,0.0
8.615953299999092,75.97355574819558,82.22756423950196,0.837643027305603,0.0
8.632375999999567,76.35318922736079,83.21899108886718,0.837643027305603,0.0
8.649085999999443,76.7441013905964,84.21806030273437,0.837643027305603,0.0
8.669424399999116,77.22487485291472,85.0993423461914,0.833076000213623,0.0
8.682373499999812,77.53336084176493,85.76268310546875,0.8194010257720947,0.0
8.699521299999105,77.94471624887993,86.35973510742188,0.7786030173301697,0.0
8.71655490000012,78.35556984663387,86.83266906738281,0.7426350116729736,0.0
8.732678299998952,78.74579707107652,87.12914199829102,0.7203009724617004,0.0
8.749114899999768,79.14570979939914,87.59024505615234,0.7158480286598206,0.0
8.765692999999374,79.55031190634563,87.86094818115235,0.7158480286598206,0.0
8.78246769999896,79.96077907727611,88.08991012573243,0.7158480286598206,0.0
8.799097900000561,80.3695460614898,88.48727874755859,0.7158480286598206,0.0
8.815831899999466,80.78233043484155,88.80266189575195,0.7158480286598206,0.0
8.832606699999815,81.19731521043458,89.05889739990235,0.7113990187644958,0.0
8.849052800000209,81.60528591482573,89.30351486206055,0.7025160193443298,0.0
8.865811399999075,82.02137775439795,89.38280181884765,0.7025160193443298,0.0
8.882410000000164,82.43474965759279,89.65447998046875,0.7025160193443298,0.0
8.89906719999999,82.8503504322009,89.82078552246094,0.7025160193443298,0.0
8.915994400000272,83.27347231727875,89.98764038085938,0.6980810165405273,0.0
8.932864099999279,83.69572066242618,90.1079475402832,0.6671710014343262,0.0
8.949472700000115,84.1113312938661,90.0857551574707,0.6496149897575378,0.0
8.967244699999355,84.55562502282814,89.99872970581055,0.6277790069580078,0.0
8.982528799999272,84.93802198826128,90.06935806274414,0.5974220037460327,0.0
8.999325400000089,85.35692138423082,89.78232650756836,0.5801889896392822,0.0
9.015695899999628,85.76416714108484,89.55650253295899,0.5630409717559814,0.0
9.032339299999876,86.17645546704924,89.17877197265625,0.5587679743766785,0.0
9.049024199999621,86.5867263722796,88.52167282104493,0.5587679743766785,0.0
9.065819199999169,86.99707570166383,87.9581771850586,0.5587679743766785,0.0
9.082478000000265,87.40205232821101,87.51625900268554,0.5587679743766785,0.0
9.09931349999897,87.80889527033844,86.99679794311524,0.5630409717559814,0.0
9.115848299999925,88.20558561803513,86.36846237182617,0.5630409717559814,0.0
9.132604099999298,88.60432180749166,85.66885986328126,0.5630409717559814,0.0
9.1493059000004,88.99908510097967,85.08950271606446,0.5630409717559814,0.0
9.16574059999948,89.38538637822973,84.61880035400391,0.5630409717559814,0.0
9.18238620000011,89.77398072447244,84.04260864257813,0.5630409717559814,0.0
9.200470300000234,90.19379372672483,83.57213287353515,0.5630409717559814,0.0
9.217515399999684,90.58824278638103,83.30937423706055,0.5630409717559814,0.0
9.2359579999993,91.01239240496275,82.79410858154297,0.5630409717559814,0.0
9.24988459999986,91.33159286714064,82.51272125244141,0.5630409717559814,0.0
9.266607399998975,91.71414248247075,82.35335083007813,0.5630409717559814,0.0
9.282358500000555,92.07393191783247,82.23184204101562,0.5630409717559814,0.0
9.29899850000038,92.45371803110972,82.16526489257812,0.5630409717559814,0.0
9.315711999999621,92.83351966921504,81.80727539062501,0.5630409717559814,0.0
9.332414900000003,93.21134004583939,81.4321678161621,0.5630409717559814,0.0
9.349013799999739,93.58578085913489,81.20941314697266,0.5630409717559814,0.0
9.365991900000154,93.96865497384246,81.18380813598633,0.5630409717559814,0.0
9.38237990000016,94.33840450394057,81.22396316528321,0.5630409717559814,0.0
9.399014900000111,94.7140029087475,81.28369445800782,0.5630409717559814,0.0
9.415906299998824,95.09533803609843,81.27250900268555,0.5630409717559814,0.0
9.432497199999489,95.47123656328063,81.56487579345703,0.5630409717559814,0.0
9.4490509999996,95.84651392589872,81.61259078979492,0.5630409717559814,0.0
9.467933500000072,96.27435038737717,81.5681854248047,0.5630409717559814,0.0
9.482441000000108,96.60380031409765,81.75217895507812,0.5630409717559814,0.0
9.501097799999116,97.02703176928755,81.66637573242188,0.5630409717559814,0.0
9.518139599998904,97.41355143514959,81.65045928955078,0.5630409717559814,0.0
9.532510699998966,97.7405949959836,81.92530975341798,0.5630409717559814,0.0
9.54900169999928,98.1172076674805,82.21488189697266,0.5630409717559814,0.0
9.566250699999728,98.51217998654057,82.43378448486328,0.5630409717559814,0.0
9.582488599999124,98.88411705680987,82.4597671508789,0.5630409717559814,0.0
9.59899360000054,99.2636514975029,82.78242874145508,0.5630409717559814,0.0
9.615819900000133,99.65139153396012,82.95728302001953,0.5630409717559814,0.0
9.632323100000576,100.03198084529237,83.02156677246094,0.5630409717559814,0.0
9.649172800000088,100.42207858281482,83.34580764770509,0.5716050267219543,0.0
9.665912099999332,100.80985476333588,83.39621429443359,0.5716050267219543,0.0
9.682276800000182,101.18946590595297,83.50902328491212,0.5716050267219543,0.0
9.699066999999559,101.58066464714825,83.87723007202149,0.5716050267219543,0.0
9.715848800000458,101.97178197806444,83.90175018310548,0.5716050267219543,0.0
9.734386300000551,102.40573749588316,84.27457122802734,0.5716050267219543,0.0
9.750570799998968,102.78547857610724,84.467724609375,0.5716050267219543,0.0
9.766882300000361,103.16866246348337,84.56990432739258,0.5716050267219543,0.0
9.782972900000459,103.54821384794727,84.91821212768555,0.5716050267219543,0.0
9.799281800000244,103.93368546611332,85.08837661743165,0.5630409717559814,0.0
9.815898799999559,104.32825719095818,85.48222961425782,0.5630409717559814,0.0
9.832298999999693,104.71843729557183,85.64824676513672,0.5630409717559814,0.0
9.849081399999704,105.11788349852009,85.68538055419923,0.5630409717559814,0.0
9.865722799999276,105.51539276518083,85.99236602783203,0.5630409717559814,0.0
9.88235480000003,105.91396164419672,86.27032012939453,0.5630409717559814,0.0
9.899073799999314,106.31522759353562,86.40214233398437,0.5630409717559814,0.0
9.915683199998966,106.71515327393573,86.6817855834961,0.5630409717559814,0.0
9.932609699999375,107.12316528959252,86.77773056030274,0.5716050267219543,0.0
9.94914979999885,107.52282505265146,86.98708877563477,0.5758939981460571,0.0
9.965808400000242,107.9270122277867,87.34670562744141,0.5758939981460571,0.0
9.982595899999069,108.33474763792401,87.43693084716797,0.5758939981460571,0.0
10.000213499999518,108.76401026995094,87.7160041809082,0.5758939981460571,0.0
10.016456299999845,109.16058549630934,87.89561004638672,0.5758939981460571,0.0
10.033397299999706,109.57467983354233,87.99596328735352,0.5758939981460571,0.0
10.049098499999673,109.95961687328075,88.2590721130371,0.5758939981460571,0.0
10.065785999999207,110.3698338484814,88.49624633789062,0.5801889896392822,0.0
10.082571900000403,110.78281348296422,88.56997146606446,0.5801889896392822,0.0
10.099069800000507,111.19047173090647,88.95493927001954,0.5801889896392822,0.0
10.115736499999912,111.60320061166604,89.14925994873047,0.5801889896392822,0.0
10.13264049999998,112.02219410602197,89.2319320678711,0.5801889896392822,0.0
10.149181700000554,112.43352549267031,89.52149734497071,0.5801889896392822,0.0
10.165718599999309,112.84607400551367,89.80973739624024,0.5931059718132019,0.0
10.182769199998802,113.27292315558108,90.12333526611329,0.5974220037460327,0.0
10.198958200000561,113.67898400256048,90.29705657958985,0.5974220037460327,0.0
10.215743400000065,114.1005529088026,90.41584625244141,0.5974220037460327,0.0
10.232427499999176,114.52086749771948,90.69308624267579,0.5974220037460327,0.0
10.249365300000136,114.94923810850503,91.04690093994141,0.6060699820518494,0.0
10.266067099999418,115.37292436998013,91.32372207641602,0.6190800070762634,0.0
10.284415799998897,115.83862912945729,91.37089462280274,0.6452379822731018,0.0
10.299233699999604,116.21607254543562,91.69965362548828,0.6627749800682068,0.0
10.316324100000202,116.65370241477466,92.18435668945312,0.6627749800682068,0.0
10.333128899999792,117.08530600033238,92.46006546020509,0.6671710014343262,0.0
10.349051099999997,117.49567582690015,92.784375,0.6671710014343262,0.0
10.365846999999121,117.93004161360713,93.10110397338867,0.6848059892654419,0.0
10.382903599998826,118.37359409034583,93.61707000732422,0.756089985370636,0.0
10.407312899998942,119.01134874093346,94.05909805297851,0.8285139799118042,0.0
10.432910399998946,119.68760818180384,95.10827178955078,0.9066370129585266,0.0
10.449062399999093,120.11762138598561,95.8424674987793,0.9066370129585266,0.0
10.46579759999986,120.56645277364808,96.55056381225586,0.9066370129585266,0.0
10.482637999999497,121.02029620236068,97.01885604858398,0.9066370129585266,0.0
10.499257899999066,121.47104787526139,97.63632888793946,0.9020090103149414,0.0
10.515728299998955,121.92093217925006,98.33297882080079,0.8973850011825562,0.0
10.532618699999148,122.38452077366453,98.80872802734375,0.8973850011825562,0.0
10.55238669999926,122.92942166984685,99.23326721191407,0.8973850011825562,0.0
10.567378599998847,123.34489595920972,99.76770401000977,0.883538007736206,0.0
10.583088399998815,123.7818281876123,100.1257827758789,0.860539972782135,0.0
10.599515199999587,124.24044611588094,100.5079833984375,0.833076000213623,0.0
10.616052499999569,124.70474596634773,101.07329864501953,0.7966930270195007,0.0
10.632487400000173,125.16747403532894,101.35875778198242,0.7876390218734741,0.0
10.649126000000251,125.6384068589758,101.8930778503418,0.7921640276908875,0.0
10.665860999999495,126.11357689082612,102.21763458251954,0.7966930270195007,0.0
10.682583899999372,126.58932784313777,102.41665191650391,0.8103049993515015,0.0
10.699460499999986,127.07098563633157,102.74392089843751,0.8148509860038757,0.0
10.715742799999134,127.53663013668904,102.95352630615234,0.8103049993515015,0.0
10.73238709999896,128.01427501903876,103.3099365234375,0.8103049993515015,0.0
10.74929820000034,128.5015790833907,103.73628158569336,0.7921640276908875,0.0
10.765701500000432,128.97469390299884,103.8335792541504,0.7921640276908875,0.0
10.782453699999678,129.45891922704243,104.0586410522461,0.7921640276908875,0.0
10.79907060000005,129.94071414930605,104.37938003540039,0.7921640276908875,0.0
10.815731000000596,130.42446891218736,104.5303321838379,0.7921640276908875,0.0
10.832762199999706,130.9207852917238,104.90975189208984,0.7921640276908875,0.0
10.849608200000148,131.41225209869773,105.02674255371095,0.7921640276908875,0.0
10.865836099999797,131.8861433766431,105.12811889648438,0.7921640276908875,0.0
10.882254599999214,132.36719492330553,105.4776969909668,0.7921640276908875,0.0
10.899061699999947,132.8599881943857,105.55394897460938,0.7921640276908875,0.0
10.91592540000056,133.35581567395732,105.84740753173828,0.7876390218734741,0.0
10.93257259999882,133.8464982506593,106.11137466430664,0.7876390218734741,0.0
10.948939699999755,134.32877339803713,106.07807922363281,0.7876390218734741,0.0
10.965780200000154,134.8262642358394,106.34880294799805,0.7876390218734741,0.0
10.98243679999905,135.31908023070267,106.51258850097656,0.7921640276908875,0.0
10.999059199999465,135.8118576906759,106.723388671875,0.8103049993515015,0.0
11.01609389999976,136.3180911108427,106.98399810791015,0.8103049993515015,0.0
11.032371100000091,136.80202449164173,107.03070373535157,0.8103049993515015,0.0
11.049061699999584,137.29964585763307,107.33208618164063,0.8148509860038757,0.0
11.065690499999619,137.797317206331,107.74180068969727,0.8148509860038757,0.0
11.08270850000008,138.30700667638038,107.8200782775879,0.8148509860038757,0.0
11.101932699999452,138.8835715237908,107.96982192993164,0.8103049993515015,0.0
11.117924899999707,139.36309142800835,107.9446014404297,0.7921640276908875,0.0
11.132636099999218,139.80441603588244,107.99721221923828,0.7605839967727661,0.0
11.149062700000286,140.29781885442344,108.13255004882812,0.756089985370636,0.0
11.165806099999827,140.80112161720757,108.21517410278321,0.751600980758667,0.0
11.182468299999528,141.30268622801094,108.36699829101563,0.7336879968643188,0.0
11.198968999999124,141.79966718339068,108.42760848999023,0.7336879968643188,0.0
11.215952700000344,142.31086104325823,108.3567123413086,0.7203009724617004,0.0
11.232372500000565,142.80639990142302,108.6456527709961,0.7025160193443298,0.0
11.249096699999427,143.31150900090532,108.72823562622071,0.693651020526886,0.0
11.26585619999969,143.81720701764448,108.62572631835938,0.693651020526886,0.0
11.282404300000053,144.3171624109664,108.76411285400391,0.693651020526886,0.0
11.29910149999887,144.82125980511478,108.6859245300293,0.6715729832649231,0.0
11.315797600000224,145.32585758932223,108.80097885131836,0.6671710014343262,0.0
11.332618299999012,145.8347978512172,108.92441711425782,0.6496149897575378,0.0
11.349723199999062,146.35191727214763,108.8360595703125,0.6364989876747131,0.0
11.367631099999926,146.89397308651246,108.96871948242188,0.6364989876747131,0.0
11.384604799999579,147.40834756990554,109.09513778686524,0.6364989876747131,0.0
11.400322999999844,147.88489589737674,109.14570236206055,0.6321370005607605,0.0
11.41602260000036,148.36150084755874,109.28799591064454,0.6321370005607605,0.0
11.432620999999926,148.86671594556188,109.57528152465821,0.6277790069580078,0.0
11.449439099998926,149.3755851743879,108.92605133056641,0.6190800070762634,0.0
11.46573940000053,149.86651916485138,108.42514343261719,0.6147390007972717,0.0
11.48247739999897,150.36939743508728,108.15878677368164,0.5931059718132019,0.0
11.499087899999722,150.86665736066408,107.77133331298829,0.5801889896392822,0.0
11.515748300000269,151.36461687754442,107.59971313476562,0.5801889896392822,0.0
11.532786699999633,151.87283822514814,107.38078994750977,0.5801889896392822,0.0
11.54899579999983,152.3556046865302,107.22120666503906,0.5801889896392822,0.0
11.565820100000565,152.85595156687853,107.06233062744141,0.5801889896392822,0.0
11.582471499999883,153.3522623971923,107.3014274597168,0.5801889896392822,0.0
11.599122899999202,153.85077159291814,107.77670974731446,0.5801889896392822,0.0
11.618062999999893,154.4195972860078,108.11835708618165,0.5801889896392822,0.0
11.634274199999709,154.9082966257117,108.52482376098634,0.5801889896392822,0.0
11.64936200000011,155.36345077478197,108.60131607055665,0.5801889896392822,0.0
11.667090599999938,155.8995378341632,108.85876007080078,0.588795006275177,0.0
11.68370209999921,156.40347124427063,109.21110534667969,0.5931059718132019,0.0
11.699571400000423,156.88529165418373,109.30245666503906,0.6060699820518494,0.0
11.715794199999436,157.3791225134402,109.5859588623047,0.6060699820518494,0.0
11.732515199999398,157.8898124539202,109.95058822631836,0.6060699820518494,0.0
11.749536600000283,158.41060223908943,110.14624099731445,0.6190800070762634,0.0
11.765701599999375,158.90570731647134,110.26156997680664,0.6190800070762634,0.0
11.782521999999517,159.42276329663625,110.66333312988282,0.6190800070762634,0.0
11.799039800000173,159.9321471730351,111.01853485107422,0.6190800070762634,0.0
11.815920900000492,160.45332936960028,111.14535827636719,0.6190800070762634,0.0
11.832677099999273,160.97112563393182,111.24637756347657,0.6277790069580078,0.0
11.849507799999628,161.4930043295048,111.62716369628906,0.6277790069580078,0.0
11.865878399999929,162.00190290039578,111.91006164550781,0.6321370005607605,0.0
11.88237300000037,162.51514706789916,112.01720581054688,0.6321370005607605,0.0
11.899176299999453,163.038497520172,112.12450103759765,0.6496149897575378,0.0
11.91669279999951,163.58586048163386,112.49431457519532,0.6627749800682068,0.0
11.933144000000539,164.1015845845653,112.85540084838867,0.6627749800682068,0.0
11.949889199999234,164.62693626591093,112.94377212524414,0.6627749800682068,0.0
11.968741499998941,165.2199832209398,113.24713897705078,0.6627749800682068,0.0
11.982516599999144,165.65468201762457,113.60466842651367,0.6627749800682068,0.0
11.999223700000584,166.1830854494475,113.85891952514649,0.6627749800682068,0.0
12.01573389999976,166.70549228922624,113.90925750732423,0.6627749800682068,0.0
12.032415100000435,167.23496200489862,114.2658187866211,0.6627749800682068,0.0
12.04905609999878,167.76462795735486,114.58430557250976,0.6627749800682068,0.0
12.0658327000001,168.29949087840225,114.77334594726562,0.6627749800682068,0.0
12.082626100000198,168.83573005850292,114.95355606079102,0.6627749800682068,0.0
12.099204099999042,169.36669397160526,115.30160980224609,0.6627749800682068,0.0
12.115840500000559,169.9008705085131,115.59204711914063,0.6627749800682068,0.0
12.132475799999156,170.4354283314634,115.68220367431641,0.6627749800682068,0.0
12.149224299999332,170.97480594611028,115.93631744384766,0.6848059892654419,0.0
12.16596749999917,171.51551491313992,116.25927429199218,0.693651020526886,0.0
12.182407799999055,172.04736818840973,116.46209564208985,0.6980810165405273,0.0
12.199268899999879,172.59385978502075,116.68098449707031,0.7113990187644958,0.0
12.218283899999733,173.2123130416803,117.08817901611329,0.7158480286598206,0.0
12.232635899999877,173.68061542260543,117.46715240478515,0.7203009724617004,0.0
12.249751399998786,174.23996158949328,117.65044555664063,0.7336879968643188,0.0
12.266153499998836,174.77723929720403,117.92390899658203,0.756089985370636,0.0
12.282675399999789,175.32049344169107,118.37106628417969,0.7605839967727661,0.0
12.299089199999798,175.86167986524333,118.69714050292968,0.7695850133895874,0.0
12.315685399998983,176.4093551616207,118.80015106201172,0.7695850133895874,0.0
12.332424700000047,176.96331530477153,119.13619537353516,0.7695850133895874,0.0
12.349094799999875,177.51682463908438,119.53339233398438,0.7695850133895874,0.0
12.365963000000193,178.0777262000042,119.70723724365234,0.7695850133895874,0.0
12.382446899999195,178.62663471250227,119.87882995605469,0.7695850133895874,0.0
12.39904209999986,179.181184606421,120.29861755371094,0.7695850133895874,0.0
12.41582550000021,179.7436869056423,120.65542602539062,0.7695850133895874,0.0
12.432404999999562,180.29959328291514,120.70707550048829,0.7695850133895874,0.0
12.449035899999217,180.8585187618754,120.98754272460938,0.7695850133895874,0.0
12.466293600000427,181.44036554336034,121.37471466064453,0.7695850133895874,0.0
12.482998600000428,182.0045776448199,121.59015655517578,0.7695850133895874,0.0
12.499316299999919,182.55608171870327,121.67245788574219,0.7695850133895874,0.0
12.517693300000246,183.17887466226068,122.00329742431641,0.7695850133895874,0.0
12.532566099998803,183.68414148202976,122.30115051269532,0.7695850133895874,0.0
12.548992899999575,184.24300773213844,122.47781066894531,0.7695850133895874,0.0
12.565758999999161,184.8143793101883,122.684326171875,0.7695850133895874,0.0
12.582559200000105,185.38845108573324,123.013916015625,0.7695850133895874,0.0
12.599168499998996,185.95717610153807,123.26889495849609,0.7695850133895874,0.0
12.616045900000245,186.5353345054253,123.32292022705079,0.7695850133895874,0.0
12.632373599999482,187.09540991866896,123.48778381347657,0.7695850133895874,0.0
12.649059499999566,187.66961170836646,123.88462371826172,0.7695850133895874,0.0
12.665903600000092,188.25064467905378,124.18108978271485,0.7695850133895874,0.0
12.682924400000047,188.83833502855174,124.29998931884766,0.7695850133895874,0.0
12.69907190000049,189.39623662345383,124.38121948242188,0.7695850133895874,0.0
12.715744600000107,189.9738929784008,124.72862091064454,0.7695850133895874,0.0
12.732876799998849,190.5688394443773,125.01647644042968,0.7695850133895874,0.0
12.751051799999914,191.2003845030462,125.09283142089843,0.7695850133895874,0.0
12.768923899999209,191.82175754486204,125.16396789550781,0.7695850133895874,0.0
12.783299999999144,192.3232178095624,125.57348327636718,0.7695850133895874,0.0
12.799039999999877,192.87365685690554,125.89457244873047,0.7695850133895874,0.0
12.815845099999933,193.46215332449782,126.068115234375,0.7921640276908875,0.0
12.83257969999977,194.04843662707768,126.12311553955078,0.8285139799118042,0.0
12.849040299999615,194.62661168570872,126.44923095703125,0.833076000213623,0.0
12.86578499999996,195.21645438495602,126.81228790283204,0.833076000213623,0.0
12.882580800000142,195.8090223619293,127.01060485839844,0.833076000213623,0.0
12.899126799999067,196.39295514369832,127.04931793212891,0.833076000213623,0.0
12.915708700000323,196.97922706062084,127.28209075927735,0.833076000213623,0.0
12.93230609999955,197.5676751185448,127.63523254394532,0.833076000213623,0.0
12.948987899999338,198.1602245621087,127.87456970214843,0.833076000213623,0.0
12.965845299999273,198.75911722619102,127.89716033935547,0.833076000213623,0.0
12.982774300000528,199.36146612414294,128.0912063598633,0.833076000213623,0.0
12.999045700000352,199.94228628040494,128.50477294921876,0.833076000213623,0.0
13.018841799999791,200.65029461547974,128.7541488647461,0.833076000213623,0.0
13.035276900000099,201.23800160108837,128.73332977294922,0.833076000213623,0.0
13.050322600000072,201.77650581377432,128.84845275878908,0.837643027305603,0.0
13.065905499999644,202.33596268010837,129.24710540771486,0.8697270154953003,0.0
13.082382000000507,202.92890166050708,129.5530197143555,0.8973850011825562,0.0
13.09931349999897,203.53869937548814,129.65607147216798,0.9066370129585266,0.0
13.11592439999913,204.13715618164508,129.70064849853517,0.9159039855003357,0.0
13.13245839999945,204.7346897596443,130.10287170410157,0.9159039855003357,0.0
13.149301399998876,205.34502523758601,130.45227813720703,0.9251869916915894,0.0
13.165768499999103,205.9425114072781,130.6210693359375,0.9577980041503906,0.0
13.182377699999051,206.5451250326134,130.61490325927736,1.0,0.0
13.199531899999783,207.16879109401012,130.88327178955078,1.0,0.0
13.215811699999904,207.7622195635366,131.2265808105469,1.0,0.0
13.232363600000099,208.36651412476388,131.43267059326172,1.0,0.0
13.249097699999766,208.9775599675446,131.45403900146485,1.0,0.0
13.265929699999106,209.5931491581943,131.66118621826172,1.0,0.0
13.285342699999092,210.30501990774746,132.01126556396486,1.0,0.0
13.299652399999104,210.83090482173986,132.30086517333984,1.0,0.0
13.31604309999966,211.43345493769928,132.34214630126954,1.0,0.0
13.332615699999224,212.0432561785699,132.4646987915039,1.0,0.0
13.34944589999941,212.6640849448739,132.7960189819336,1.0,0.0
13.365753799998856,213.26699064056803,133.09258117675782,1.0,0.0
13.38234089999969,213.88043088204785,133.1386962890625,1.0,0.0
13.399345899999389,214.50970806078197,133.21951446533203,1.0,0.0
13.415818299999955,215.12089923786445,133.57423553466796,1.0,0.0
13.43237439999939,215.73643085195283,133.84274139404297,1.0,0.0
13.449130400000286,216.3597371262171,133.91636352539064,1.0,0.0
13.465674400000353,216.9754431044911,133.97857360839845,1.0,0.0
13.482341599999927,217.59747660957774,134.35493774414064,1.0,0.0
13.49908349999896,218.22371546949526,134.6597396850586,1.0,0.0
13.515766700000313,218.84842991667117,134.80459442138672,1.0,0.0
13.532408600000053,219.47165607017706,134.81718750000002,1.0,0.0
13.550931800000399,220.16669586362875,135.0815872192383,1.0,0.0
13.568079599999692,220.81178188652086,135.42901611328125,1.0,0.0
13.58251029999883,221.3555924866406,135.66342315673828,1.0,0.0
13.59961579999981,222.00012329474103,135.6470672607422,1.0,0.0
13.61607069999991,222.62100445203046,135.83626556396484,1.0,0.0
13.632328300000154,223.2360195049389,136.18579559326173,1.0,0.0
13.649005100000068,223.8680682146402,136.43956604003907,1.0,0.0
13.665721999999732,224.5017893746693,136.47244262695312,1.0,0.0
13.682723099998839,225.1467072539544,136.5620086669922,1.0,0.0
13.699086900000111,225.76931680978132,136.9727325439453,1.0,0.0
13.715868799999953,226.4093578517789,137.29957580566406,1.0,0.0
13.732377799999085,227.0388771499369,137.27478790283203,1.0,0.0
13.749133299999812,227.67800598972636,137.31991424560547,1.0,0.0
13.76576219999879,228.3141592302535,137.72117614746094,1.0,0.0
13.782494699999006,228.95553149644945,137.99134368896486,1.0,0.0
13.79916349999985,229.59486706445057,138.07880859375,1.0,0.0
13.818116599999485,230.321961855757,138.10623321533203,1.0,0.0
13.833164599998781,230.90075332817258,138.46685943603515,1.0,0.0
13.849341499999355,231.52465476373393,138.84274291992188,1.0,0.0
13.86852639999961,232.26545702222347,139.00974884033204,1.0,0.0
13.882610900000145,232.80926962299603,138.99857025146486,1.0,0.0
13.899138799999491,233.44870637279067,139.27796630859376,1.0,0.0
13.91577320000033,234.09366965983799,139.58230133056642,1.0,0.0
13.932482700000037,234.74257880633576,139.8050765991211,1.0,0.0
13.949060900000404,235.38610942663885,139.74437713623047,1.0,0.0
13.965699399999721,236.03273016543145,139.90652160644532,1.0,0.0
13.982547100000374,236.68906435570577,140.2448455810547,1.0,0.0
13.999030400000265,237.33238628154606,140.50335388183595,1.0,0.0
14.015798399999767,237.986878080843,140.5158920288086,1.0,0.0
14.032674599999154,238.64579440769364,140.55882110595704,1.0,0.0
14.04898569999932,239.2845518900255,140.9792678833008,1.0,0.0
14.065849399999934,239.9461995558218,141.24608459472657,1.0,0.0
14.082329699998809,240.59297677009423,141.2837127685547,1.0,0.0
14.099538700000267,241.268247915026,141.26190490722658,1.0,0.0
14.117559099999198,241.97740802736647,141.6714614868164,1.0,0.0
14.132951499999763,242.58450457845225,141.9887466430664,1.0,0.0
14.149469599999065,243.23631723284979,142.0578369140625,1.0,0.0
14.165696899999602,243.87679207007574,142.08829650878906,1.0,0.0
14.182432199999312,244.53871466836327,142.38892364501953,1.0,0.0
14.199007699999129,245.19562034083182,142.6720413208008,1.0,0.0
14.215808099999776,245.86212076153927,142.81811828613283,1.0,0.0
14.232430500000191,246.52148568433404,142.80210571289064,1.0,0.0
14.249054500000057,247.18223470306648,143.08809356689454,1.0,0.0
14.265848600000027,247.8512526463087,143.4113525390625,1.0,0.0
14.282413099999758,248.512320986548,143.67146759033204,1.0,0.0
14.299058099999456,249.17640984264176,143.62991180419922,1.0,0.0
14.316934599999513,249.8903756107753,143.7796417236328,0.837643027305603,0.0
14.333012999999482,250.53382993542007,144.07127380371094,0.6277790069580078,0.0
14.34948859999895,251.19352969242996,144.14765625,0.5163360238075256,0.0
14.367007599999852,251.89342224320148,143.82174682617188,0.32910698652267456,0.0
14.382864699999118,252.5253549954725,143.46620178222656,0.11811699718236923,0.0
14.401273499999661,253.25822557051853,143.31917724609374,0.006833000108599663,0.0
14.415936699999293,253.83989287274392,142.8066375732422,0.0,0.0
14.432400699999562,254.4921759350715,142.62749176025392,0.0,0.0
14.449272199999541,255.15778642146745,142.02636108398437,0.0,0.0
14.465747199999896,255.8060610546983,141.6563690185547,0.0,0.0
14.48236469999938,256.4588827725697,141.42669982910158,0.0,0.0
14.499270299998898,257.12223816616654,141.2596664428711,0.0,0.016171999275684357
14.515769499999806,257.76829025311616,140.96365356445312,0.0,0.12318799644708633
14.532425899998998,258.41811649713827,140.44898529052736,0.0,0.2678830027580261
14.549127000000226,259.0675899652048,139.99703521728517,0.0,0.3336159884929657
14.56607509999958,259.72421240216056,139.4752670288086,0.0,0.3926219940185547
14.582613999999012,260.3621541735387,138.85992279052735,0.0,0.4444279968738556
14.599112599998989,260.9956405225323,138.22693176269533,0.0,0.4564639925956726
14.61588269999993,261.636821508402,137.6408935546875,0.0,0.46852898597717285
14.633079899998847,262.29170875962427,137.09174194335938,0.0,0.48465999960899353
14.64987569999903,262.9285298612242,136.49578857421875,0.0,0.5008400082588196
14.666352700000061,263.5502610559653,135.839794921875,0.0,0.517067015171051
14.683374700000059,264.1896348013952,135.2218002319336,0.0,0.5292680263519287
14.699212600000465,264.78168711831023,134.57518615722657,0.0,0.549659013748169
14.715809499999523,265.3989441036939,133.8879638671875,0.0,0.5578359961509705
14.73256819999915,266.0189158902913,133.17849426269532,0.0,0.5701199769973755
14.749233900000036,266.6323191714453,132.50279388427734,0.0,0.5824289917945862
14.765854799999943,267.24092287215717,131.82037811279298,0.0,0.5906479954719543
14.782422899999801,267.8443503612412,131.11575622558595,0.0,0.6071169972419739
14.799180500000148,268.45141044090155,130.41344146728517,0.0,0.6153669953346252
14.815871900000275,269.05276571483574,129.70026397705078,0.0,0.6277599930763245
14.832412699999622,269.6453413386893,128.97031860351564,0.0,0.644320011138916
14.849123300000429,270.24071816973003,128.26329345703127,0.0,0.6609179973602295
14.865841900000305,270.8330266035109,127.54120330810547,0.0,0.6858869791030884
14.882705899999564,271.42691977108734,126.77985076904297,0.0,0.7193059921264648
14.901683399999456,272.0908657909143,125.94944915771485,0.0,0.7402660250663757
14.916206199999579,272.5956238362585,125.12249450683593,0.0,0.778128981590271
14.93362100000013,273.1965178751081,124.21724853515626,0.0,0.8034650087356567
14.949521900000036,273.7411861162811,123.31413116455079,0.0,0.8288729786872864
14.96604219999972,274.30262083342046,122.34432678222656,0.0,0.8671190142631531
14.982634599999074,274.8620213859988,121.37135009765625,0.0,0.9140719771385193
14.999266099999659,275.41780725775294,120.3035888671875,0.0,0.9526529908180237
15.016125000000102,275.9758759234956,119.16834411621095,0.0,0.9913759827613831
15.03242709999904,276.50992610021524,117.93453826904297,0.0,1.0
15.04906370000026,277.0485858441749,116.56078033447265,0.0,1.0
15.065823999999338,277.584581093602,115.1281837463379,0.0,1.0
15.082619999999224,278.1146851095286,113.62077026367187,0.0,1.0
15.09915059999912,278.62937322671326,112.08771743774415,0.0,1.0
15.115846599999713,279.1417746539165,110.48425598144532,0.0,1.0
15.132542899998953,279.64717927365035,108.9736427307129,0.0,1.0
15.14906449999944,280.1406446897843,107.52442245483398,0.0,1.0
15.166447800000242,280.653287486513,106.16592178344727,0.0,1.0
15.182851800000208,281.1312201578606,104.88646774291992,0.0,1.0
15.202957899999092,281.71072190203887,103.75986785888672,0.0,1.0
15.217764999999417,282.13244931323874,102.53315505981446,0.0,1.0
15.23243249999905,282.54588191594866,101.47314605712891,0.0,1.0
15.249104799999259,283.0105620494655,100.33699493408203,0.0,1.0
15.265695799998866,283.4675270958929,99.15461196899415,0.0,1.0
15.282609099998808,283.9289598364873,98.21607055664063,0.0,1.0
15.299041500000385,284.37449643276574,97.60788116455079,0.0,1.0
15.316581199998836,284.846766691932,96.93283996582032,0.0,1.0
15.332402099998944,285.2655465075909,95.29213485717774,0.0,1.0
15.34914790000039,285.7050190580507,94.47749176025391,0.0,1.0
15.365886899999168,286.1394494390615,93.4314697265625,0.0,1.0
15.382423900000504,286.56302910864946,92.2106071472168,0.0,1.0
15.399611200000436,286.9979050916479,91.08781127929687,0.0,1.0
15.415787500000079,287.40292106029034,90.1354133605957,0.0,1.0
15.432730399999855,287.8230601773586,89.27048034667969,0.0,1.0
15.451360499999282,288.27972543643256,88.24402084350587,0.0,1.0
15.469433500000378,288.7176858220392,87.23827743530273,0.0,1.0
15.482544599999528,289.0321265298849,86.33803024291993,0.0,1.0
15.499581099998977,289.4360988755721,85.36380386352539,0.0,1.0
15.51586689999931,289.8172499262093,84.25399932861329,0.0,1.0
15.532578000000285,290.20409986839917,83.33740997314453,0.0,1.0
15.549200499999642,290.5853497374926,82.56877899169922,0.0,1.0
15.565830600000481,290.96334286287043,81.82604141235352,0.0,1.0
15.582441999998991,291.3375317190312,81.0936996459961,0.0,1.0
15.599375899999359,291.7144543040413,80.13046646118164,0.0,1.0
15.61589449999883,292.07872990757386,79.38882064819336,0.0,1.0
15.632386600000245,292.43785060054006,78.39113845825196,0.0,1.0
15.64932140000019,292.80285599428123,77.59285125732423,0.0,1.0
15.66581529999894,293.1541912152064,76.68330688476563,0.0,1.0
15.682378999999855,293.5030065844842,75.81248931884765,0.0,1.0
15.699067199999263,293.8525092573146,75.39516677856446,0.0,1.0
15.720276199999716,294.29297209846663,74.76383743286134,0.0,1.0
15.733108799999172,294.5517124359049,72.5858528137207,0.0,1.0
15.750295599998935,294.8932353429917,71.5364387512207,0.0,1.0
15.766740299999583,295.2149120779325,70.42002868652344,0.0,1.0
15.782623400000375,295.5204273635574,69.24687423706055,0.0,1.0
15.799062799998865,295.8322427290538,68.28322906494141,0.0,1.0
15.816517600000225,296.1610722869583,67.8201072692871,0.0,1.0
15.832469400000264,296.4598301125217,67.42362442016602,0.0,1.0
15.84910089999903,296.7683902949214,66.78992614746095,0.0,1.0
15.86578069999996,297.07499704183334,66.17491149902344,0.0,1.0
15.882438799999363,297.37766954112635,65.41088104248047,0.0,1.0
15.899074400000245,297.6774181527946,64.86661148071289,0.0,1.0
15.915889599998991,297.97666814716007,64.06703338623048,0.0,1.0
15.932673899998917,298.2712030828956,63.173666381835936,0.0,1.0
15.949131199999101,298.5557051472682,62.234232330322264,0.0,1.0
15.965927999999622,298.8419127671501,61.341888427734375,0.0,1.0
15.985916300000099,299.1781521854821,60.55852203369141,0.0,1.0
15.999171299999944,299.3980616631425,59.7264518737793,0.0,1.0
16.016798099999505,299.6870308340849,59.01746292114258,0.0,1.0
16.033702099999573,299.96098910595185,58.34416580200195,0.0,1.0
16.049313299999994,300.2110025835343,57.65402526855469,0.0,1.0
16.06580759999997,300.47137797381276,56.82880783081055,0.0,1.0
16.082525899999382,300.73243226338803,56.21357688903809,0.0,1.0
16.099501700000474,300.9944757287123,55.57066383361816,0.0,1.0
16.115913399999044,301.2450128246556,54.95674095153809,0.0,1.0
16.13242100000025,301.4945322791889,54.41554412841797,0.0,1.0
16.149115599999277,301.7454098419005,54.09888381958008,0.0,1.0
16.16585649999979,301.9961925395171,53.928863525390625,0.0,1.0
16.182670099999086,302.24731097438433,53.76756706237793,0.0,1.0
16.19910290000007,302.49152379975146,53.500691986083986,0.0,1.0
16.216219899999487,302.7443321358005,53.16994857788086,0.0,1.0
16.23248749999948,302.9823029393481,52.66264801025391,0.0,1.0
16.24966510000013,303.2304571361592,52.00698051452637,0.0,0.8884329795837402
16.266163000000233,303.46567313979097,51.32638778686523,0.0,0.7193059921264648
16.282575299999735,303.69893399595634,51.165228652954106,0.0,0.5701199769973755
16.30203319999964,303.9772387339982,51.4905029296875,0.0,0.47658801078796387
16.316238800000065,304.180621425628,51.54148292541504,0.0,0.40055400133132935
16.332474900000307,304.4133016768358,51.591755676269536,0.0,0.2832300066947937
16.34999339999922,304.6649683576931,51.7167594909668,0.0,0.24501299858093262
16.365997400000197,304.89488867742455,51.71914215087891,0.0,0.22610199451446533
16.382458199999746,305.13097400793566,51.63219223022461,0.0,0.22610199451446533
16.39933960000053,305.37294740104784,51.601420211792,0.0,0.22610199451446533
16.416118799999822,305.61318956766365,51.544281005859375,0.0,0.17762699723243713
16.43259989999933,305.8483243401114,51.36096382141113,0.0,0.1090020015835762
16.449140599999737,306.08326856116236,51.134425735473634,0.0,0.06415700167417526
16.465877599999658,306.3204301924269,51.011643218994145,0.025536999106407166,0.010352999903261662
16.48266279999916,306.5575184531407,50.84942321777344,0.04998200014233589,0.0
16.499160699999265,306.78958974597526,50.64018173217774,0.08911000192165375,0.0
16.51675570000043,307.03626388495246,50.47041206359864,0.1018339991569519,0.0
16.533940600000278,307.27708864752606,50.44947280883789,0.1018339991569519,0.0
16.550694300000032,307.5117978425981,50.433820724487305,0.11811699718236923,0.0
16.566355799999656,307.7308105470225,50.342926025390625,0.11811699718236923,0.0
16.582613000000492,307.9566691697319,50.014211654663086,0.11811699718236923,0.0
16.599184400000013,308.18601346053913,49.8231559753418,0.1314219981431961,0.0
16.616010300000198,308.41816800769357,49.670827102661136,0.17617100477218628,0.0
16.632482200000595,308.6456566723966,49.71856269836426,0.25254198908805847,0.0
16.649201299998822,308.87566662416134,49.52633972167969,0.30965399742126465,0.0
16.666104599999017,309.1071123047869,49.292413330078126,0.30965399742126465,0.0
16.68241239999952,309.3297811568188,49.15487480163574,0.30965399742126465,0.0
16.69907289999901,309.55630809852994,48.947930145263676,0.30965399742126465,0.0
16.71577789999901,309.7835464950649,48.97086067199707,0.30965399742126465,0.0
16.732482399998844,310.0105218296111,48.91563377380371,0.2865779995918274,0.0
16.749061799999254,310.2352090214452,48.78788681030274,0.2865779995918274,0.0
16.76597369999945,310.46245906492624,48.37423095703125,0.2865779995918274,0.0
16.782394599998952,310.6809086227194,47.89130973815918,0.2865779995918274,0.0
16.79921370000011,310.904310584608,47.81748504638672,0.2865779995918274,0.0
16.816855199998827,311.13914101357943,47.92050247192383,0.2865779995918274,0.0
16.83407149999948,311.3682879214695,47.91557235717774,0.2865779995918274,0.0
16.849122600000555,311.5674084557164,47.62667999267578,0.2865779995918274,0.0
16.86608359999991,311.78897614065215,47.02810363769532,0.2865779995918274,0.0
16.88245420000021,311.99985416906276,46.3734317779541,0.2865779995918274,0.0
16.899194100000386,312.2142643414027,46.10998992919922,0.2865779995918274,0.0
16.91582980000021,312.4275039143431,46.14548606872559,0.2865779995918274,0.0
16.932408499998928,312.64079706015383,46.31577415466309,0.2865779995918274,0.0
16.94917859999987,312.8571381408845,46.441457748413086,0.2865779995918274,0.0
16.965747199999896,313.07135902000323,46.54558410644531,0.2865779995918274,0.0
16.982540299999528,313.28837148442165,46.52177810668945,0.2865779995918274,0.0
16.999091300000146,313.50110847468113,46.27231979370117,0.2865779995918274,0.0
17.01618520000011,313.71898390561364,45.88488006591797,0.2865779995918274,0.0
17.032481500000358,313.9255491002459,45.632118988037114,0.2865779995918274,0.0
17.049024300000383,314.1348036027208,45.537406539916994,0.2865779995918274,0.0
17.067803099998855,314.3711685237999,45.31246490478516,0.2865779995918274,0.0
17.084126100000503,314.5737843523144,44.68645362854004,0.2865779995918274,0.0
17.101358800000526,314.78331159805504,43.77132339477539,0.2865779995918274,0.0
17.11623999999938,314.96151796161894,43.11096611022949,0.2865779995918274,0.0
17.13256779999938,315.1549140145612,42.6405143737793,0.2865779995918274,0.0
17.149045599999226,315.3471350938691,41.99564781188965,0.2865779995918274,0.0
17.16607329999897,315.54381597711915,41.58231468200684,0.2865779995918274,0.0
17.182731299999432,315.7351929768956,41.35893859863281,0.2865779995918274,0.0
17.199286299999585,315.92558485501587,41.40203933715821,0.30965399742126465,0.0
17.216114099999686,316.1201972797237,41.633768463134764,0.30965399742126465,0.0
17.23238019999917,316.3093524942639,41.863677978515625,0.30965399742126465,0.0
17.249302199999875,316.5070012657794,42.047959899902345,0.30965399742126465,0.0
17.265782799999215,316.7007641509825,42.325302886962895,0.30965399742126465,0.0
17.282461499999044,316.89762218653414,42.49065742492676,0.30965399742126465,0.0
17.29945559999942,317.0986927436472,42.594430160522464,0.30965399742126465,0.0
17.31578189999891,317.29207661932276,42.64174690246582,0.30965399742126465,0.0
17.335210999999617,317.52246684621906,42.6887924194336,0.30965399742126465,0.0
17.350341699999262,317.7018026593211,42.66880760192871,0.30965399742126465,0.0
17.366398399999525,317.8920410559065,42.65248947143555,0.30965399742126465,0.0
17.382961299999806,318.08803614129624,42.60016708374024,0.2713629901409149,0.0
17.399480699999913,318.28314418887805,42.51903648376465,0.2376520037651062,0.0
17.41619829999945,318.4803712170396,42.4712459564209,0.22291499376296997,0.0
17.432582499999626,318.6732663060643,42.383657455444336,0.1903569996356964,0.0
17.44918030000008,318.8681730689801,42.274539184570315,0.17617100477218628,0.0
17.46594670000013,319.0642695911685,42.104893112182616,0.14495599269866943,0.0
17.48264240000026,319.2572626552648,41.61401023864746,0.14495599269866943,0.0
17.49933880000026,319.44766084218725,41.0527702331543,0.1314219981431961,0.0
17.515901900000244,319.63532521833986,40.78896789550782,0.11811699718236923,0.0
17.532573099999354,319.82392538642824,40.726558685302734,0.11811699718236923,0.0
17.549119400000563,320.01071405083485,40.63985252380371,0.11811699718236923,0.0
17.566273500000534,320.2026620097419,40.282652664184575,0.11811699718236923,0.0
17.582620600000155,320.3844028009332,40.02341995239258,0.1314219981431961,0.0
17.599811599999157,320.57439763534137,39.78717956542969,0.14495599269866943,0.0
17.619058099999165,320.786683973872,39.70752182006836,0.14495599269866943,0.0
17.633391199999096,320.94458468615403,39.65942916870117,0.1587039977312088,0.0
17.649904199999582,321.1260087728779,39.55227470397949,0.1587039977312088,0.0
17.666062799999054,321.3030113331289,39.43467979431153,0.1587039977312088,0.0
17.682363599999007,321.48122206583713,39.35749397277832,0.1587039977312088,0.0
17.699168400000417,321.6645330550691,39.269706344604494,0.1903569996356964,0.0
17.716321099998822,321.8515749994944,39.256268692016604,0.22291499376296997,0.0
17.732856999999058,322.03141757796965,39.15319290161133,0.2376520037651062,0.0
17.749169400000028,322.2079147229989,38.951332855224614,0.25254198908805847,0.0
17.766189300000406,322.3910361741427,38.733319473266604,0.25254198908805847,0.0
17.782588799998848,322.5672657845524,38.68572807312012,0.2713629901409149,0.0
17.799466500000563,322.74748395736424,38.44039306640625,0.2865779995918274,0.0
17.816727600000377,322.93203325822907,38.48986930847168,0.32910698652267456,0.0
17.832879699999467,323.1038962289176,38.30503120422363,0.34480899572372437,0.0
17.84922369999913,323.2772282069719,38.17884979248047,0.36063098907470703,0.0
17.868514499999947,323.4815300344197,38.12628707885742,0.38057300448417664,0.0
17.884022899999763,323.6455633817291,38.077432250976564,0.38057300448417664,0.0
17.90007650000007,323.8151490824823,38.029384231567384,0.38057300448417664,0.0
17.916424499999266,323.98769762821587,37.99698829650879,0.38057300448417664,0.0
17.93268949999947,324.15865118918066,37.83786163330078,0.38057300448417664,0.0
17.949607299999116,324.33592678278313,37.72311630249023,0.38057300448417664,0.0
17.966179099999863,324.5095120637892,37.70906066894531,0.38057300448417664,0.0
17.982951899999534,324.6849635503199,37.65771675109863,0.38057300448417664,0.0
17.999430500000017,324.8569088062808,37.56404800415039,0.38057300448417664,0.0
18.01648969999951,325.03485276416734,37.551482391357425,0.38057300448417664,0.0
18.032642599999235,325.2023835064419,37.337609481811526,0.38057300448417664,0.0
18.049267500000497,325.3748924017961,37.35553436279297,0.38057300448417664,0.0
18.066237799999726,325.55063300822496,37.28078956604004,0.36063098907470703,0.0
18.08270789999915,325.7211440844177,37.26995429992676,0.34480899572372437,0.0
18.099555099999634,325.894955962508,37.14105377197266,0.34480899572372437,0.0
18.116325900000447,326.0680258952034,37.15098609924316,0.30965399742126465,0.0
18.13357129999895,326.2453578598357,37.01828155517578,0.25254198908805847,0.0
18.149940499999502,326.4136516054827,37.01203994750977,0.22291499376296997,0.0
18.16764719999992,326.5954213566496,36.95612983703614,0.17617100477218628,0.0
18.183608800000002,326.75919839715334,36.93848648071289,0.14495599269866943,0.0
18.19994249999945,326.926569411808,36.8891098022461,0.14495599269866943,0.0
18.216603400000167,327.09723174596735,36.875823211669925,0.1314219981431961,0.0
18.232853600000453,327.263365685259,36.804604339599614,0.11811699718236923,0.0
18.249373799999375,327.4315767905479,36.65572929382324,0.11811699718236923,0.0
18.26619860000028,327.6026262496605,36.59942779541016,0.1018339991569519,0.0
18.282758600000307,327.7709808063929,36.59881668090821,0.07668299973011017,0.0
18.299580499999138,327.9416742191618,36.529541015625,0.04998200014233589,0.0
18.31655200000023,328.11310786970364,36.36456069946289,0.03878699988126755,0.0
18.333119799999622,328.280360004725,36.34204216003418,0.015698999166488647,0.0
18.35012909999932,328.4511355335104,36.144456481933595,0.015698999166488647,0.0
18.366520800000217,328.6159010571133,36.18635559082031,0.006833000108599663,0.0
18.383172800000466,328.7824084002898,35.99726371765137,0.006833000108599663,0.0
18.40011179999965,328.951753071346,35.99036636352539,0.006833000108599663,0.0
18.417250200000126,329.12287552743135,35.945061492919926,0.006833000108599663,0.0
18.433851899999354,329.28865722310104,35.94897537231446,0.0,0.0
18.45031509999899,329.4529356785402,35.92269058227539,0.0,0.0
18.467116899999382,329.62006011510306,35.80854263305664,0.0,0.0
18.48365410000042,329.78454489594833,35.8068603515625,0.0,0.0
18.50167109999893,329.9634307729944,35.743417739868164,0.0,0.0
18.53339219999907,330.27646184914744,35.52562408447266,0.0,0.0
18.550115500000175,330.44097886948987,35.41533508300781,0.0,0.0
18.56655479999972,330.6026709557833,35.408533859252934,0.0,0.0
18.583107099999324,330.76522430795467,35.35412406921387,0.0,0.0
18.600034400000368,330.9310964990757,35.27673568725586,0.0,0.0
18.616747099998975,331.0941577859258,35.12422485351563,0.0,0.0
18.633399299998928,331.2558255410546,34.95057220458985,0.0,0.0
18.649878799998987,331.4154769365873,34.87636299133301,0.0,0.0
18.66656299999886,331.57664840633095,34.77645263671875,0.0,0.0
18.68464700000004,331.7511804882668,34.744276428222655,0.0,0.0
18.69992540000021,331.8977601589853,34.538093948364256,0.0,0.0
18.716962799999237,332.0602349677071,34.330902099609375,0.0,0.0
18.733431999999084,332.2162522313764,34.10379066467285,0.0,0.0
18.750368299999536,332.3749935733097,33.7422477722168,0.0,0.0
18.766349600000467,332.5244175456203,33.65973358154297,0.0,0.0
18.783625799998845,332.68386317225037,33.22514533996582,0.0,0.0
18.7999351999988,332.83364333601855,33.06121559143067,0.0,0.0
18.816729500000292,332.98701682720076,32.8769027709961,0.0,0.0
18.83378409999932,333.14167291420694,32.64584999084473,0.0,0.0
18.850315800000317,333.29084687413985,32.48463592529297,0.006833000108599663,0.0
18.866878999999244,333.4388003731293,32.15759010314942,0.006833000108599663,0.0
18.88396830000056,333.58898529926097,31.637675857543947,0.015698999166488647,0.0
18.899799200000416,333.72793734262973,31.598162841796874,0.015698999166488647,0.0
18.91674140000032,333.87614082765754,31.491337966918945,0.025536999106407166,0.0
18.933556199999657,334.023098006484,31.463106536865237,0.03878699988126755,0.0
18.953896499999246,334.2003666337874,31.374515533447266,0.04998200014233589,0.0
18.96726959999978,334.31655018437453,31.276277160644533,0.04998200014233589,0.0
18.98477180000009,334.4679530541419,31.141818237304687,0.04998200014233589,0.0
19.00415140000041,334.6349310178741,31.0182186126709,0.07668299973011017,0.0
19.01727149999897,334.7475261115842,30.894759750366212,0.1018339991569519,0.0
19.034007199999905,334.8905389737299,30.763356399536132,0.17617100477218628,0.0
19.04995179999969,335.0268410684762,30.774528121948244,0.22291499376296997,0.0
19.066631899999265,335.16998502211885,30.894193267822267,0.30965399742126465,0.0
19.08328419999998,335.312328888115,30.772801208496094,0.38057300448417664,0.0
19.10025730000052,335.4568080281937,30.644072341918946,0.38057300448417664,0.0
19.116449199998897,335.594422331177,30.596254348754883,0.38057300448417664,0.0
19.13346730000012,335.7386470510317,30.50922203063965,0.38057300448417664,0.0
19.1501274000002,335.87845491156105,30.210400772094726,0.38057300448417664,0.0
19.166661499999464,336.0159126881008,29.928934478759768,0.38057300448417664,0.0
19.183463600000323,336.15522742998604,29.849427795410158,0.38057300448417664,0.0
19.19986169999902,336.29057044606617,29.7128849029541,0.38057300448417664,0.0
19.219361899999058,336.4500139305992,29.435418319702148,0.38057300448417664,0.0
19.23391559999982,336.5680204766092,29.190073013305664,0.38057300448417664,0.0
19.252038700000412,336.7141235213287,29.022129821777344,0.38057300448417664,0.0
19.26713120000022,336.83527616369406,28.898427200317382,0.38057300448417664,0.0
19.283643900000243,336.967178672918,28.756595420837403,0.38057300448417664,0.0
19.30031129999952,337.0997056960775,28.624577522277832,0.38057300448417664,0.0
19.316778799999156,337.23059240846237,28.613460731506347,0.38057300448417664,0.0
19.333325499999773,337.3612543578773,28.4276029586792,0.38057300448417664,0.0
19.35064330000023,337.4972695580431,28.274649238586427,0.38057300448417664,0.0
19.36701069999981,337.62488068809307,28.067992973327637,0.38057300448417664,0.0
19.383214999999836,337.75099862351385,28.0187707901001,0.38057300448417664,0.0
19.40006209999956,337.8815576717192,27.898722839355468,0.38057300448417664,0.0
19.416873099999066,338.01162436249075,27.853196525573733,0.36063098907470703,0.0
19.433247999999367,338.13763624034056,27.703543853759765,0.34480899572372437,0.0
19.449954499999876,338.2655391115071,27.56114902496338,0.30965399742126465,0.0
19.466851499999393,338.39411790343985,27.394428062438966,0.2376520037651062,0.0
19.483229800000117,338.51829588996526,27.294697952270507,0.17617100477218628,0.0
19.50034719999894,338.64741791878816,27.155952644348144,0.1314219981431961,0.0
19.51729179999893,338.77479755826715,27.06270446777344,0.06161399930715561,0.0
19.534762799999953,338.90568740960987,26.970606422424318,0.03878699988126755,0.0
19.550268299999516,339.0215565442778,26.901995086669924,0.025536999106407166,0.0
19.566800000000512,339.14517867616235,26.92038173675537,0.025536999106407166,0.0
19.583314499999688,339.2680209563629,26.778419494628906,0.03878699988126755,0.0
19.59988440000052,339.39116592745773,26.754651260375976,0.04998200014233589,0.0
19.617025899999135,339.5174939334793,26.530981636047365,0.07668299973011017,0.0
19.633167399999365,339.6350905080776,26.227281761169433,0.1018339991569519,0.0
19.649797699999908,339.7561591590103,26.208014488220215,0.14495599269866943,0.0
19.666864099999657,339.8790675168557,25.926386833190918,0.22291499376296997,0.0
19.683505499999228,339.9983384907673,25.801645660400393,0.2376520037651062,0.0
19.70002579999891,340.1170221380405,25.862794876098633,0.2713629901409149,0.0
19.71658600000046,340.2355205116561,25.760204887390138,0.2713629901409149,0.0
19.73346069999934,340.35529798601226,25.552982139587403,0.2713629901409149,0.0
19.749783199999,340.4701005728538,25.320221328735354,0.2713629901409149,0.0
19.768860099999074,340.60333364638404,25.14240074157715,0.2713629901409149,0.0
19.7840154000005,340.7081202817583,24.891086769104003,0.2713629901409149,0.0
19.799809899999673,340.8163364195474,24.665427589416506,0.2865779995918274,0.0
19.81881930000054,340.94589849810257,24.5364652633667,0.36063098907470703,0.0
19.83354539999891,341.0457896648794,24.41978530883789,0.441428005695343,0.0
19.84976319999987,341.15579102727185,24.417917633056643,0.4579029977321625,0.0
19.866735499999777,341.27025801236374,24.279628944396972,0.4953339993953705,0.0
19.88338339999973,341.38212849132384,24.191262817382814,0.5121240019798279,0.0
19.899978499999634,341.4929227222689,24.03475914001465,0.5163360238075256,0.0
19.9167467999996,341.6152732343497,26.267531204223634,0.5247780084609985,0.0
19.93313390000003,341.74723365085123,28.989723587036135,0.5247780084609985,0.0
19.9500294999998,341.8946559526475,31.41174545288086,0.5247780084609985,0.0
19.966657799999666,342.0505942514017,33.760388946533205,0.5121240019798279,0.0
19.9831264000004,342.2139103862198,35.70055046081543,0.48697400093078613,0.0
19.999520800000028,342.3841034910415,37.37222328186035,0.4620380103588104,0.0
20.016512199999852,342.56728709619404,38.811456298828126,0.43732398748397827,0.0
20.036381199999596,342.7868565847319,39.783087158203124,0.42097601294517517,0.0
20.050398699999278,342.94480321649604,40.56414299011231,0.42097601294517517,0.0
20.066492899999503,343.1285326603171,41.09716529846192,0.42097601294517517,0.0
20.084022400000322,343.3318827743598,41.76162528991699,0.42097601294517517,0.0
20.10039019999931,343.5230163190231,42.038683319091795,0.42097601294517517,0.0
20.116417499999443,343.71071306050004,42.1598316192627,0.42505401372909546,0.0
20.133243899999798,343.9089870685296,42.420626449584965,0.441428005695343,0.0
20.149651599998833,344.1032651454004,42.626393508911136,0.4455370008945465,0.0
20.166195399999197,344.3009490370439,43.01684074401856,0.45377498865127563,0.0
20.18333410000014,344.5075545016907,43.39767150878907,0.4579029977321625,0.0
20.199712399999044,344.7065962308827,43.7499755859375,0.4579029977321625,0.0
20.21630069999992,344.90838748937676,43.79282569885254,0.4579029977321625,0.0
20.232957700000043,345.11143832982856,43.88443450927735,0.4620380103588104,0.0
20.249368900000263,345.3118092067142,43.953833770751956,0.4620380103588104,0.0
20.266010999999708,345.5162990168058,44.23500137329102,0.4620380103588104,0.0
20.28272939999988,345.72183011019933,44.257341384887695,0.4620380103588104,0.0
20.30106169999999,345.9478755498665,44.38960647583008,0.4620380103588104,0.0
20.316759100000127,346.1423754581137,44.606092071533205,0.4620380103588104,0.0
20.334392700000535,346.3612655914302,44.68766899108887,0.4620380103588104,0.0
20.350820999999996,346.5656907906498,44.79652290344239,0.4620380103588104,0.0
20.36629499999981,346.75929485398285,45.04165878295898,0.4620380103588104,0.0
20.382812599998942,346.9674212514817,45.3610107421875,0.4620380103588104,0.0
20.39951850000034,347.17992105276386,45.792162322998045,0.4620380103588104,0.0
20.416430299999774,347.39706032575066,46.222246170043945,0.4620380103588104,0.0
20.432980399998996,347.6103636257306,46.39802055358887,0.4620380103588104,0.0
20.449405299999853,347.8220041050429,46.387236785888675,0.4620380103588104,0.0
20.466008899998997,348.0367100504095,46.552639389038085,0.4620380103588104,0.0
20.482716900000014,348.25304094741443,46.611876296997075,0.4620380103588104,0.0
20.49944409999989,348.46887218244626,46.45083732604981,0.4620380103588104,0.0
20.516456299999845,348.68747396191304,46.25894393920898,0.4620380103588104,0.0
20.53274860000056,348.89698648624625,46.29457397460938,0.4620380103588104,0.0
20.54941130000043,349.11150625858437,46.3473014831543,0.4620380103588104,0.0
20.566106299998864,349.3264406273081,46.34703369140625,0.4620380103588104,0.0
20.58283929999925,349.5408826644367,46.13585929870606,0.4620380103588104,0.0
20.60009159999936,349.76284350345924,46.316086578369145,0.4620380103588104,0.0
20.617875300000378,349.9932423764832,46.64023475646973,0.4620380103588104,0.0
20.633554099998946,350.19802173084145,47.019266510009764,0.4620380103588104,0.0
20.649451600000248,350.4076285466712,47.465610122680665,0.4620380103588104,0.0
20.666074999999182,350.62884675483787,47.9075008392334,0.4620380103588104,0.0
20.68275899999935,350.8526204179604,48.284894943237305,0.4620380103588104,0.0
20.699355099999593,351.0768510161458,48.639749908447264,0.4620380103588104,0.0
20.716032399999676,351.3037160445329,48.97160224914551,0.4620380103588104,0.0
20.732834799999182,351.5333032134661,49.19022331237793,0.4620380103588104,0.0
20.749332499999582,351.7597841845812,49.420919036865236,0.4620380103588104,0.0
20.766079900000477,351.9907508263544,49.648298263549805,0.4703249931335449,0.0
20.782680500000424,352.21970872074354,49.65172462463379,0.4703249931335449,0.0
20.7995635999996,352.4515202291022,49.42939567565918,0.47447800636291504,0.0
20.816246899999896,352.6804288243559,49.39496040344238,0.4786370098590851,0.0
20.832985900000494,352.91078332915345,49.54156265258789,0.49952200055122375,0.0
20.852043299999423,353.17459112670844,49.83408393859863,0.5079180002212524,0.0
20.86631699999998,353.37396716790647,50.28505210876465,0.5121240019798279,0.0
20.883222399999795,353.6126344134151,50.82412033081055,0.5121240019798279,0.0
20.89953989999958,353.84526677022023,51.32382316589356,0.5163360238075256,0.0
20.916293599999335,354.08580097313506,51.685486221313475,0.5163360238075256,0.0
20.932912099999157,354.3252777713341,51.876912689208986,0.5163360238075256,0.0
20.949442699999054,354.56430130931665,52.054053497314456,0.5163360238075256,0.0
20.96612389999973,354.80621057391573,52.20687675476074,0.5332419872283936,0.0
20.98279419999926,355.0479511318903,52.20457992553711,0.5332419872283936,0.0
20.99946490000002,355.289611336862,52.18597526550293,0.5332419872283936,0.0
21.016174799999135,355.5317971608245,52.17679138183594,0.5374820232391357,0.0
21.032631799998853,355.7703420174164,52.1821403503418,0.5374820232391357,0.0
21.049463499999547,356.0150823507899,52.34558601379395,0.5374820232391357,0.0
21.066116599999077,356.2574441498084,52.3927963256836,0.5374820232391357,0.0
21.08272819999911,356.49808650545464,52.151055908203126,0.5374820232391357,0.0
21.09963400000015,356.7419143985771,51.92185020446777,0.5374820232391357,0.0
21.116567099999884,356.9843678668676,51.545935821533206,0.5374820232391357,0.0
21.133693599998878,357.22836512263353,51.28836135864258,0.5374820232391357,0.0
21.150585399998818,357.46887045685014,51.25677566528321,0.5374820232391357,0.0
21.166274299999714,357.69260234376094,51.33787536621094,0.5374820232391357,0.0
21.184902499999225,357.9594636698051,51.57238883972168,0.5374820232391357,0.0
21.20017150000058,358.1794230030136,51.86021347045899,0.5374820232391357,0.0
21.216075700000147,358.4104499151968,52.294166564941406,0.5374820232391357,0.0
21.232703599998786,358.65423122825365,52.77952880859375,0.5544999837875366,0.0
21.249354399998992,358.9007209361131,53.29251136779785,0.5630409717559814,0.0
21.266326400000253,359.1546505275321,53.862039184570314,0.5758939981460571,0.0
21.28272029999971,359.40282488020915,54.497567367553714,0.5758939981460571,0.0
21.2993606,359.6567501172898,54.93475799560547,0.5758939981460571,0.0
21.316023999999743,359.9143959035966,55.66239967346191,0.5758939981460571,0.0
21.33264909999889,360.1730307794848,56.00480918884278,0.5801889896392822,0.0
21.349394900000334,360.4354606552822,56.416985321044926,0.5801889896392822,0.0
21.366482100000212,360.706674832698,57.140493392944336,0.5974220037460327,0.0
21.38289260000056,360.96984421006965,57.73192520141602,0.6060699820518494,0.0
21.399462100000164,361.2365686682151,57.95033340454102,0.6190800070762634,0.0
21.41896789999919,361.55183046125734,58.184870910644534,0.6190800070762634,0.0
21.432910399998946,361.7792922507803,58.73139266967774,0.6277790069580078,0.0
21.450202199999694,362.0643363376583,59.34366073608398,0.6321370005607605,0.0
21.466765499999383,362.340578478057,60.04067459106445,0.6321370005607605,0.0
21.482743099999425,362.6090626994017,60.4936408996582,0.6321370005607605,0.0
21.49949050000032,362.8920776536904,60.83653793334961,0.6321370005607605,0.0
21.516119199999594,363.1756460417699,61.39061965942383,0.6364989876747131,0.0
21.532791199999338,363.462654683306,61.9740348815918,0.6452379822731018,0.0
21.549444199999925,363.7508738266935,62.306426239013675,0.6496149897575378,0.0
21.566088800000216,364.03929775843187,62.38216323852539,0.653997004032135,0.0
21.582777699999497,364.32837321583156,62.35711441040039,0.653997004032135,0.0
21.5995853000004,364.62190599479555,62.871439361572264,0.6627749800682068,0.0
21.616060199999993,364.912764395159,63.556697845458984,0.6627749800682068,0.0
21.632632400000148,365.20758985403705,64.04530792236328,0.6627749800682068,0.0
21.649289999999382,365.50463498859983,64.19667205810548,0.6627749800682068,0.0
21.666059799999857,365.80463892781006,64.40232925415039,0.6627749800682068,0.0
21.685503200000312,366.15367018677244,64.62411575317383,0.6627749800682068,0.0
21.699959300000046,366.41442226146916,64.93504257202149,0.6627749800682068,0.0
21.71642729999985,366.7131293759294,65.29910202026367,0.6627749800682068,0.0
21.733448699998917,367.0226686229438,65.46707611083984,0.6627749800682068,0.0
21.74947339999926,367.31423534486703,65.50139465332032,0.6627749800682068,0.0
21.766030700000556,367.6156149141144,65.52798156738281,0.6627749800682068,0.0
21.782875999999305,367.92351985992667,65.80220031738281,0.6627749800682068,0.0
21.799613999999565,368.23482186043503,66.95466613769531,0.653997004032135,0.0
21.81624120000015,368.5440818880094,66.95872421264649,0.653997004032135,0.0
21.83277459999954,368.8439284716046,65.28891220092774,0.6496149897575378,0.0
21.849328700000115,369.1349113748538,63.27969818115235,0.6452379822731018,0.0
21.866140899999664,369.4213441401499,61.333909606933595,0.6452379822731018,0.0
21.88286809999954,369.6986219318349,59.675262451171875,0.6321370005607605,0.0
21.899660400000357,369.971303032787,58.458457946777344,0.6321370005607605,0.0
21.915915600000517,370.2312876855155,57.57817497253418,0.6321370005607605,0.0
21.932613999999376,370.49385014174834,56.605713272094725,0.6321370005607605,0.0
21.949565999999322,370.75979650809575,56.47751998901367,0.6277790069580078,0.0
21.96616069999982,371.02279210780483,57.053406143188475,0.6277790069580078,0.0
21.983600999999908,371.30249135815075,57.73509063720703,0.6277790069580078,0.0
21.999696999999287,371.56311320665145,58.290174865722655,0.6277790069580078,0.0
22.01664129999881,371.8399075101379,58.80794677734375,0.6277790069580078,0.0
22.0327613999998,372.10685620381196,59.61596374511719,0.6190800070762634,0.0
22.04924629999914,372.3818918163326,60.06273651123047,0.6190800070762634,0.0
22.065927499999816,372.66414834844926,60.914293670654295,0.6190800070762634,0.0
22.082748299999366,372.9541663997507,62.06987686157227,0.6147390007972717,0.0
22.099288199999137,373.2416189009335,62.56561431884766,0.6147390007972717,0.0
22.116326399998798,373.5407615546049,63.20582885742188,0.6147390007972717,0.0
22.132695199999944,373.8314321079013,63.92734909057617,0.6147390007972717,0.0
22.14933790000032,374.1297790937059,64.53575134277344,0.6147390007972717,0.0
22.16604969999935,374.434464844001,65.63438415527344,0.6147390007972717,0.0
22.18263069999921,374.74088870569847,66.52951583862306,0.6147390007972717,0.0
22.199315599998954,375.0535861319154,67.4688331604004,0.6147390007972717,0.0
22.216273799998817,375.377003874196,68.65727920532227,0.6147390007972717,0.0
22.233756399999038,375.71398038231376,69.38987503051759,0.6147390007972717,0.0
22.249657899999875,376.02498007819577,70.40838317871093,0.6147390007972717,0.0
22.26704029999928,376.3692085771586,71.29180068969727,0.6147390007972717,0.0
22.28300929999932,376.68872399542954,72.03052825927735,0.6147390007972717,0.0
22.299398699999074,377.0192564309146,72.60282669067384,0.6147390007972717,0.0
22.31597320000037,377.3568297246384,73.32129821777345,0.6147390007972717,0.0
22.332891000000018,377.7044954387497,73.98104782104492,0.6147390007972717,0.0
22.3495683000001,378.05071294600714,74.73530044555665,0.6147390007972717,0.0
22.36609270000008,378.3959895666618,75.22184371948242,0.6147390007972717,0.0
22.382655600000362,378.74429810881173,75.70599060058593,0.6147390007972717,0.0
22.399420399999144,379.09794106504216,75.93974533081055,0.6190800070762634,0.0
22.41609310000058,379.452090070484,76.46850357055665,0.6190800070762634,0.0
22.433054600000105,379.8140794110901,76.8305648803711,0.6190800070762634,0.0
22.44929090000005,380.1621417477642,77.17425842285157,0.6190800070762634,0.0
22.46612660000028,380.5246337757051,77.51214981079102,0.6190800070762634,0.0
22.482750499999383,380.8838893600598,77.7988380432129,0.6190800070762634,0.0
22.499289999999746,381.24311110530886,78.1884750366211,0.6190800070762634,0.0
22.516351000000213,381.614472884347,78.3601432800293,0.6147390007972717,0.0
22.533892499999638,381.9965265656327,78.40796127319337,0.6147390007972717,0.0
22.550006499999654,382.3494728887417,78.85110855102539,0.6147390007972717,0.0
22.5662384999996,382.7060244989394,79.07748870849609,0.6147390007972717,0.0
22.582749799999874,383.06887317180866,79.1128028869629,0.6147390007972717,0.0
22.599323999998887,383.43472898628426,79.46573181152344,0.6147390007972717,0.0
22.616077000000587,383.8049874838633,79.56369552612306,0.6147390007972717,0.0
22.632797399999617,384.17496712323924,79.65878219604492,0.6060699820518494,0.0
22.649358399999983,384.5415479260351,79.6866668701172,0.6060699820518494,0.0
22.66603009999926,384.9108384443709,79.74266967773438,0.6060699820518494,0.0
22.682668600000397,385.2808928345853,80.06706161499024,0.6060699820518494,0.0
22.69934590000048,385.6518627189444,80.0784049987793,0.6060699820518494,0.0
22.716093299999557,386.02365919625123,79.92090225219727,0.6060699820518494,0.0
22.7327566999993,386.39361116180186,79.92528991699218,0.6060699820518494,0.0
22.74967629999992,386.76934466686475,79.9451889038086,0.6060699820518494,0.0
22.76609119999921,387.1346154219471,80.1086036682129,0.6060699820518494,0.0
22.78774589999921,387.6163568297367,80.08742065429688,0.6060699820518494,0.0
22.79951230000006,387.87807498013404,80.07422332763672,0.6060699820518494,0.0
22.817242699999042,388.2726893324124,80.12293395996095,0.6060699820518494,0.0
22.833340499999395,388.63057697865094,80.03550338745117,0.6060699820518494,0.0
22.849586700000145,388.9927386915026,80.2515151977539,0.6060699820518494,0.0
22.8662132999998,389.36381991619885,80.34669799804688,0.6060699820518494,0.0
22.882661600000574,389.73072190378366,80.30295867919922,0.6190800070762634,0.0
22.89951409999958,390.10616877543316,80.2022689819336,0.6277790069580078,0.0
22.915996699999596,390.47385086770305,80.3062339782715,0.6364989876747131,0.0
22.93270829999892,390.84838424538646,80.68169174194337,0.6452379822731018,0.0
22.949737200000527,391.2315233872458,80.99765167236329,0.6452379822731018,0.0
22.96594439999899,391.59723626719307,81.23342514038086,0.6452379822731018,0.0
22.98276420000002,391.97757731833104,81.4057113647461,0.6496149897575378,0.0
22.999465499999133,392.355811393866,81.52914276123047,0.6496149897575378,0.0
23.016127400000187,392.7341664852354,81.74807968139649,0.6627749800682068,0.0
23.03295210000033,393.1181734922075,82.16641159057617,0.6671710014343262,0.0
23.049607999999353,393.4999971206914,82.52721633911133,0.6848059892654419,0.0
23.066234500000064,393.8826055851338,82.84308013916016,0.6980810165405273,0.0
23.08375689999957,394.2870079372449,83.08499221801758,0.7025160193443298,0.0
23.10066689999985,394.67942964350823,83.54335556030274,0.7158480286598206,0.0
23.119908200000282,395.12877745992876,84.07187347412109,0.7203009724617004,0.0
23.13284339999882,395.43297863172967,84.66233367919922,0.756089985370636,0.0
23.149527199999284,395.82818282682354,85.27644195556641,0.7695850133895874,0.0
23.166033999999854,396.2212120243698,85.71649932861328,0.7966930270195007,0.0
23.182700100000147,396.62074217030784,86.30144577026367,0.8194010257720947,0.0
23.19952430000012,397.02787636715055,87.11755142211915,0.833076000213623,0.0
23.216032199999972,397.43063451738345,87.83245239257813,0.8467890024185181,0.0
23.232808400000067,397.8432563121902,88.54439392089844,0.9066370129585266,0.0
23.249402100000225,398.25454584974864,89.22918548583985,0.9251869916915894,0.0
23.26623540000037,398.6751216866201,89.94510955810547,0.9624720215797424,0.0
23.282666499999323,399.0892095194637,90.72528305053712,0.9765170216560364,0.0
23.299399699999412,399.51377607446244,91.34173965454102,0.9765170216560364,0.0
23.31598219999978,399.9380823999552,92.11534881591797,0.9765170216560364,0.0
23.33462419999887,400.41963128608205,92.99302597045899,0.9765170216560364,0.0
23.34979039999962,400.81394134911767,93.59735641479493,0.9812059998512268,0.0
23.369728300000133,401.33473087453564,94.03409042358399,0.9812059998512268,0.0
23.382968099998834,401.68209499040466,94.45088424682618,0.9812059998512268,0.0
23.399392799999987,402.1145071846477,94.77700653076172,0.9812059998512268,0.0
23.416248300000007,402.56015478270217,95.18147506713868,0.9812059998512268,0.0
23.432740500000364,402.99667228940143,95.28522720336915,0.9812059998512268,0.0
23.449312400000053,403.4348490752222,95.18742141723634,1.0,0.0
23.466296799999327,403.8849894835838,95.41140518188477,1.0,0.0
23.482807200000025,404.3244516281123,95.8222526550293,1.0,0.0
23.49947169999905,404.7700371194287,96.25897979736328,1.0,0.0
23.516197699998884,405.21818393938963,96.45632858276367,1.0,0.0
23.53287359999922,405.6654034551381,96.54592895507812,1.0,0.0
23.54959509999935,406.1142614612852,96.6353988647461,1.0,0.0
23.5665728999993,406.5721405397747,97.0894157409668,1.0,0.0
23.582797799999753,407.0118838292057,97.57076110839844,1.0,0.0
23.59974130000046,407.4685003732197,97.01770935058595,1.0,0.0
23.618498800000452,407.9634792313757,94.99794158935548,1.0,0.0
23.63399219999883,408.3616005205239,92.50626983642579,1.0,0.0
23.64949130000059,408.7504369056269,90.31563034057618,1.0,0.0
23.668991200000164,409.23011403403893,88.55623168945313,1.0,0.0
23.682969199999206,409.56935903397755,87.3717269897461,1.0,0.0
23.699460499999986,409.96398751254446,86.14618148803712,1.0,0.0
23.71627880000051,410.36150853497924,85.09038848876953,1.0,0.0
23.732865399999355,410.75377427897314,85.13840560913086,1.0,0.0
23.749510399999053,411.14930297728637,85.54540786743165,1.0,0.0
23.76632509999945,411.5496120662858,85.70552673339844,0.9671499729156494,0.0
23.783428599999752,411.9578828690608,85.93415908813476,0.837643027305603,0.0
23.79955719999998,412.343872726809,86.15524520874024,0.7025160193443298,0.0
23.81676940000034,412.7569643777793,86.39975967407227,0.5716050267219543,0.0
23.83281739999984,413.1421420588281,86.40576095581055,0.5163360238075256,0.0
23.849502400000347,413.54329743305254,86.55435104370117,0.5121240019798279,0.0
23.866356799999267,413.9496763799381,86.80013580322266,0.5121240019798279,0.0
23.883423199999015,414.36202110882,86.98032531738282,0.5247780084609985,0.0
23.90087180000046,414.784567648363,87.17991943359375,0.5247780084609985,0.0
23.917323399999077,415.18352851890523,87.30209426879883,0.5332419872283936,0.0
23.93329950000043,415.572069764766,87.5525619506836,0.5417280197143555,0.0
23.949915299999702,415.9776756699763,87.87908248901367,0.5630409717559814,0.0
23.96628690000034,416.37827484625154,88.0889488220215,0.5931059718132019,0.0
23.98303990000022,416.78964594865226,88.3982551574707,0.6190800070762634,0.0
23.999633699999322,417.19833271335943,88.66398010253907,0.6321370005607605,0.0
24.016166399998838,417.60727760354996,89.0478630065918,0.6452379822731018,0.0
24.03289659999973,418.0228432333676,89.4213020324707,0.6671710014343262,0.0
24.049442499999714,418.43448621308386,89.56386337280274,0.693651020526886,0.0
24.06631699999889,418.855522091467,89.82364883422852,0.7203009724617004,0.0
24.08285539999997,419.26980685385064,90.17953033447266,0.7336879968643188,0.0
24.099781099999745,419.6956833543973,90.58150634765626,0.7426350116729736,0.0
24.116356799999267,420.11361437151913,90.768514251709,0.7426350116729736,0.0
24.13276810000025,420.5279966602431,90.89933395385742,0.7426350116729736,0.0
24.149496899999576,420.9522911436352,91.30721511840821,0.7426350116729736,0.0
24.167919199999233,421.4214041583731,91.67187881469727,0.751600980758667,0.0
24.184115699999893,421.8350011529359,91.93030471801758,0.7605839967727661,0.0
24.20070250000026,422.2589280203663,92.00911102294923,0.7695850133895874,0.0
24.21632580000005,422.65916157816554,92.22384567260742,0.7695850133895874,0.0
24.232789499999853,423.0825699658188,92.58369598388673,0.7695850133895874,0.0
24.249665999999706,423.5181955233673,92.9251922607422,0.7740920186042786,0.0
24.26612649999879,423.9439329460216,93.11106719970704,0.7740920186042786,0.0
24.283011100000294,424.3809450256729,93.17623672485352,0.7876390218734741,0.0
24.299544100000276,424.80980594596235,93.38288955688476,0.8148509860038757,0.0
24.316431199998988,425.24980578349977,93.79937438964843,0.860539972782135,0.0
24.33294070000011,425.6812338948982,94.07560501098634,0.9020090103149414,0.0
24.349659299999985,426.1193453168306,94.33810958862306,0.9251869916915894,0.0
24.366591799998787,426.56441678723144,94.62615051269532,0.9437990188598633,0.0
24.382806899999196,426.99274129745476,95.09458694458009,0.9437990188598633,0.0
24.399475599999278,427.43486844841726,95.48781509399414,0.9437990188598633,0.0
24.416465199999948,427.8868191000022,95.7657829284668,0.9437990188598633,0.0
24.433519799998976,428.34203237380973,96.08948822021485,0.9437990188598633,0.0
24.451465300000564,428.82256280013513,96.39795684814453,0.9577980041503906,0.0
24.466384299999845,429.2229490950987,96.6144287109375,0.9812059998512268,0.0
24.48288010000033,429.66674787116233,96.85347747802734,1.0,0.0
24.499765399999887,430.12314733239384,97.30582580566407,1.0,0.0
24.516369799999666,430.57322653044,97.58167190551758,1.0,0.0
24.53283879999981,431.0198303285644,97.62424392700196,1.0,0.0
24.549676999999065,431.47635354024123,97.60446853637696,1.0,0.0
24.566155499998786,431.9249624794779,98.0060188293457,1.0,0.0
24.582757300000594,432.37864141415986,98.37753524780274,1.0,0.0
24.599484700000176,432.8368191195614,98.60706024169922,1.0,0.0
24.61628430000019,433.29820158340533,98.87002487182617,1.0,0.0
24.632792299998982,433.75312109060474,99.20706481933594,1.0,0.0
24.649490300000252,434.21492735071445,99.56297378540039,1.0,0.0
24.666204999999536,434.6783710116126,99.8161605834961,1.0,0.0
24.682876299999407,435.1417171716522,100.05495529174804,1.0,0.0
24.70001079999929,435.6184008519449,100.15239715576172,1.0,0.0
24.716355000000476,436.0746074990124,100.48481597900391,1.0,0.0
24.734411100000216,436.5804108330078,100.8463623046875,1.0,0.0
24.749925599999187,437.01591260845925,101.05426483154297,1.0,0.0
24.766410299998824,437.4797703299172,101.2992530822754,1.0,0.0
24.78293510000003,437.9461247905958,101.5973602294922,1.0,0.0
24.79948940000031,438.414497703892,101.85525741577149,1.0,0.0
24.81637360000059,438.8936424308961,102.16184463500977,1.0,0.0
24.83300799999961,439.36622512950566,102.27586898803712,1.0,0.0
24.849584999999934,439.838887762913,102.64737167358399,1.0,0.0
24.866363600000113,440.3191483057007,103.04423217773437,1.0,0.0
24.882797399999617,440.79039299352104,103.23119888305665,1.0,0.0
24.899475000000166,441.26979647257275,103.48326644897462,1.0,0.0
24.916202200000043,441.75218122992703,103.8180404663086,1.0,0.0
24.933115100000578,442.24147759353406,104.14931259155274,1.0,0.0
24.949479799999608,442.7157677934232,104.33706207275391,1.0,0.0
24.966155799998887,443.19990007496506,104.51404495239258,1.0,0.0
24.982923800000208,443.6880142625035,104.7955078125,1.0,0.0
24.99962719999894,444.17625482797547,105.22803955078125,1.0,0.0
25.016622299999653,444.6746861008726,105.58058395385743,1.0,0.0
25.033306600000287,445.1654199229028,105.88647766113282,1.0,0.0
25.04948929999955,445.6423241425014,106.09201126098633,1.0,0.0
25.066175800000565,446.135571058322,106.41470031738281,1.0,0.0
25.08285429999887,446.63038986565437,106.8050308227539,1.0,0.0
25.09961689999909,447.1290553787015,107.09531021118164,1.0,0.0
25.116350199999943,447.62819883301347,107.38565826416016,1.0,0.0
25.132942000000185,448.1245839702792,107.7029914855957,1.0,0.0
25.149543399998947,448.62210074856665,107.88610610961915,1.0,0.0
25.16620800000055,449.123066459552,108.22201309204102,1.0,0.0
25.182769799999733,449.62233115213365,108.52400665283203,1.0,0.0
25.199588199999198,450.1299887729961,108.66476211547852,1.0,0.0
25.2162301999997,450.63377525937756,108.97917022705079,1.0,0.0
25.23595810000006,451.2322530716127,109.21183319091797,1.0,0.0
25.251551800000016,451.7057326585246,109.3086639404297,1.0,0.0
25.267008700000588,452.1760456813707,109.53858032226563,1.0,0.0
25.283645600000455,452.6835213319735,109.8108627319336,1.0,0.0
25.299657800000205,453.1728971569281,110.02566604614258,1.0,0.0
25.316232999999556,453.6800118486823,110.14122848510742,1.0,0.0
25.332975299999816,454.1933510418465,110.3803596496582,1.0,0.0
25.349884799999927,454.71309030426767,110.65148849487305,1.0,0.0
25.366456100000505,455.22384630657183,110.95819931030273,1.0,0.0
25.3828424000003,455.7303335539507,111.2730812072754,1.0,0.0
25.399592399999165,456.24956403363274,111.59580459594727,1.0,0.0
25.41627569999946,456.76829944663785,111.93513793945313,1.0,0.0
25.432910800000172,457.2873641399485,112.33072814941407,1.0,0.0
25.450010999998995,457.8226425267929,112.68886871337891,1.0,0.0
25.466213800000332,458.3312712781929,113.00907897949219,1.0,0.0
25.482897399999274,458.85676267385657,113.39093627929688,1.0,0.0
25.499591800000417,459.3839956743077,113.69314270019531,1.0,0.0
25.516789899998912,459.92837982613366,113.95345687866211,1.0,0.0
25.53536229999918,460.5186550617951,114.41659927368164,1.0,0.0
25.551153099999283,461.02215571668734,114.78850708007813,1.0,0.0
25.56651889999921,461.5129922191027,114.99638214111329,1.0,0.0
25.58313730000009,462.04582176113837,115.42545318603516,1.0,0.0
25.599581200000102,462.57454184854646,115.75066223144532,1.0,0.0
25.616270799999256,463.1126813659264,116.07841186523437,1.0,0.0
25.63285689999975,463.64894094880714,116.39472198486328,1.0,0.0
25.649536299999454,464.1891041169509,116.58617248535157,1.0,0.0
25.666255599999204,464.7320534731756,116.90786590576172,1.0,0.0
25.682938800000557,465.27519344666325,117.20196990966797,1.0,0.0
25.699584399999367,465.8182324618985,117.44487762451172,1.0,0.0
25.716233099999954,466.36293533119834,117.78278961181641,1.0,0.0
25.732927400000335,466.91039767620254,118.0561294555664,1.0,0.0
25.74961540000004,467.4584492961269,118.22781829833984,1.0,0.0
25.766246199998932,468.0061542650251,118.55941314697266,1.0,0.0
25.783373599999322,468.5712309294667,118.773193359375,1.0,0.0
25.799651799999992,469.1096157029752,119.06630859375001,1.0,0.0
25.81646179999916,469.66687960473445,119.34265594482422,1.0,0.0
25.832940599999347,470.2146774388639,119.6732894897461,1.0,0.0
25.849602700000105,470.7698803436209,119.95669555664062,1.0,0.0
25.866641000000527,471.3383468727522,120.1105453491211,1.0,0.0
25.883065500000157,471.888104981947,120.49859619140625,1.0,0.0
25.899629800000184,472.444007272653,120.81695251464843,1.0,0.0
25.91618279999966,472.999939699336,120.9059829711914,1.0,0.0
25.9328833999989,473.5617280600122,121.09972686767578,1.0,0.0
25.94957859999886,474.12498592375283,121.45576629638673,1.0,0.0
25.966480600000068,474.6966416044578,121.7583984375,1.0,0.0
25.98298269999941,475.25611129151287,122.05057983398437,1.0,0.0
25.999537800000326,475.81821694423445,122.23304901123048,1.0,0.0
26.016228899999987,476.3853479784492,122.32098083496093,1.0,0.0
26.03287199999977,476.9525400317987,122.686962890625,1.0,0.0
26.051175200000216,477.5778958275415,122.99930419921876,1.0,0.0
26.06848700000046,478.1698993710557,123.10751953125,1.0,0.0
26.08515939999961,478.74085192403413,123.28334197998048,1.0,0.0
26.099758500000462,479.2420565408152,123.59231872558594,1.0,0.0
26.11638429999948,479.81448100060584,123.94760284423829,1.0,0.0
26.133075399999143,480.3906421807188,124.26863708496094,1.0,0.0
26.149561000000176,480.9610727181081,124.5662841796875,1.0,0.0
26.166583199999877,481.55163034472355,124.89616241455079,1.0,0.0
26.183004900000014,482.12308751342493,125.27605590820313,1.0,0.0
26.199567699999534,482.7009723144244,125.60589294433593,1.0,0.0
26.21630809999988,483.2862481658723,125.86276702880859,1.0,0.0
26.23283319999973,483.86523088752966,126.13162994384766,1.0,0.0
26.24959779999881,484.45297751377603,126.21165161132812,1.0,0.0
26.266670999999405,485.0515950609481,126.22256927490234,1.0,0.0
26.282826799999384,485.6194164204681,126.52774200439454,1.0,0.0
26.299595399999816,486.20999776945564,126.79012298583984,1.0,0.0
26.316861400000562,486.8177333195383,126.71423492431641,1.0,0.0
26.333234199999424,487.3938226765234,126.6687240600586,1.0,0.0
26.35080249999919,488.01322528029823,126.92459564208984,1.0,0.0
26.36750949999987,488.60336106399456,127.1615982055664,1.0,0.0
26.382916000000478,489.14747785214774,127.14246826171875,1.0,0.0
26.39963859999989,489.737956963758,127.11688385009766,1.0,0.0
26.416269600000305,490.32575519037334,127.23670349121095,1.0,0.0
26.432934799999202,490.9154483056923,127.38492279052734,1.0,0.0
26.450230200000078,491.5289093692342,127.69058990478516,1.0,0.0
26.466299499999877,492.09945441905506,127.8190200805664,1.0,0.0
26.483026800000516,492.693964244032,127.94864501953126,1.0,0.0
26.499619299998812,493.28539169806135,128.31935119628906,0.7876390218734741,0.0
26.51632090000021,493.88243726397127,128.69210357666017,0.32910698652267456,0.0
26.53302210000038,494.4796536083286,128.73199768066408,0.0,0.0
26.54952889999913,495.0679973204774,128.31302032470703,0.0,0.0
26.566688999999315,495.67630022921304,127.61525115966798,0.0,0.016171999275684357
26.583807299999535,496.28228095751786,127.43850860595704,0.0,0.0709099993109703
26.600672999999006,496.8778240956576,127.11925964355468,0.0,0.17762699723243713
26.616644699999597,497.4398416324853,126.67800750732422,0.0,0.4204449951648712
26.633004499999515,498.012192927521,125.94681243896484,0.0,0.49678999185562134
26.649599799999123,498.58871798217314,125.0649398803711,0.0,0.5292680263519287
26.666321499998958,499.1654116806061,124.15587615966797,0.0,0.5742200016975403
26.683034899999257,499.738112196799,123.35741729736328,0.0,0.6650739908218384
26.69962139999916,500.30287757388805,122.57892608642578,0.0,0.7654889822006226
26.716373699999167,500.8688082708858,121.61616668701173,0.0,0.8841670155525208
26.732905900000333,501.4220744281086,120.47750244140626,0.0,0.9312009811401367
26.749812699999893,501.9818221471202,119.18824310302735,0.0,0.9784529805183411
26.76624660000016,502.5196331599585,117.812548828125,0.0,1.0
26.783334599998852,503.0714617329144,116.25601959228516,0.0,1.0
26.799630699999398,503.5901007622837,114.57345657348633,0.0,1.0
26.816369799998938,504.11448398816617,112.77664947509766,0.0,0.9612460136413574
26.833435000000463,504.64078839696793,111.02687759399414,0.0,0.8246340155601501
26.85035219999918,505.1553106270688,109.49093399047852,0.0,0.7193059921264648
26.867575500000385,505.67339780495405,108.29015579223633,0.0,0.5701199769973755
26.88336580000032,506.1457178110295,107.68332595825196,0.0,0.48465999960899353
26.899606200000562,506.63127986881796,107.63425827026367,0.0,0.3610430061817169
26.916323899999043,507.13257286806896,107.94874877929688,0.0,0.22610199451446533
26.93297159999929,507.6332861481765,108.27728805541993,0.0,0.17762699723243713
26.94965289999891,508.135728349932,108.43231201171875,0.0,0.16293799877166748
26.966260199998942,508.6368270069974,108.62422943115234,0.0,0.1090020015835762
26.983033499998783,509.1436569352933,108.77929458618165,0.0,0.08458700031042099
26.999813200000062,509.6502410480276,108.68506622314453,0.0,0.0709099993109703
27.01634980000017,510.14896708080795,108.57211990356446,0.0,0.0508509986102581
27.03305460000047,510.65331629010194,108.69074478149415,0.0,0.028366999700665474
27.049604899999395,511.1531078045377,108.71400833129883,0.0,0.016171999275684357
27.066349799999443,511.65771259123426,108.48540344238282,0.0,0.010352999903261662
27.08292149999943,512.1562042133419,108.29123382568359,0.0,0.010352999903261662
27.102886700000454,512.7567999257957,108.29566268920898,0.0,0.010352999903261662
27.11679059999915,513.1746278097428,108.18406219482422,0.0,0.016171999275684357
27.133464999998978,513.6749670206644,108.02314682006836,0.0,0.04430999979376793
27.152238799999395,514.2372279859193,107.8172492980957,0.0,0.0508509986102581
27.16697209999984,514.6775681239477,107.5946662902832,0.0,0.06415700167417526
27.18314989999999,515.1601137886876,107.37951965332032,0.0,0.0709099993109703
27.20009629999913,515.6646569963311,107.18238372802735,0.0,0.08458700031042099
27.216306199999963,516.1461802369528,106.93981246948242,0.0,0.08458700031042099
27.23424519999935,516.6779551432915,106.71663208007813,0.0,0.06415700167417526
27.266317600000548,517.6256911131557,106.37961273193359,0.0,0.0
27.283481700000266,518.1321709701532,106.22913436889648,0.0,0.0
27.299628799999482,518.6079953826826,106.08517227172852,0.0,0.0
27.316858399999546,519.1149389844743,105.92219009399415,0.0,0.0
27.332905299999766,519.5863732337773,105.76268920898438,0.0,0.0
27.349958400000105,520.0866345261195,105.60781631469727,0.0,0.0
27.368115600000237,520.6185770608761,105.46742477416993,0.0,0.0
27.383934199999203,521.0814108957995,105.33181228637696,0.0,0.0
27.400040000000445,521.5519015107532,105.16498489379883,0.0,0.0
27.417956600000252,522.0740770668968,104.92124633789062,0.0,0.0
27.432949399999416,522.5105933791253,104.81422576904298,0.0,0.0
27.44963269999971,522.9957038066699,104.67938232421875,0.0,0.0
27.46641819999968,523.4830711487815,104.52607498168946,0.0,0.0
27.482891199999358,523.9606613700647,104.37229385375977,0.0,0.0
27.499588599999697,524.4439857293561,104.20590591430664,0.0,0.0
27.516203699999096,524.9243626839994,104.08345642089844,0.0,0.0
27.53310919999967,525.4124057490433,103.92801361083984,0.0,0.0
27.549656099999993,525.8893872916408,103.77373123168945,0.0,0.0
27.566390899999533,526.371071439679,103.62017669677735,0.0,0.0
27.58293909999884,526.846634477858,103.45698852539063,0.0,0.0
27.5997785999989,527.3298550383246,103.30437469482422,0.0,0.0
27.61627409999892,527.8025512527092,103.16185455322265,0.0,0.0
27.633263899999292,528.2886329084752,102.99673690795899,0.0,0.0
27.650097699999606,528.7695139174757,102.8390281677246,0.0,0.0
27.666577699999834,529.239633132265,102.69594497680664,0.0,0.0
27.683285400000386,529.7155417475401,102.54379806518556,0.0,0.0
27.699942699999156,530.1891941292422,102.36644439697265,0.0,0.0
27.71621469999991,530.651201326224,102.21398162841797,0.0,0.0
27.7331049000004,531.1300810271408,102.06906509399414,0.0,0.0
27.749660999999833,531.5987215896038,101.90238189697266,0.0,0.0
27.76626579999902,532.0681675755121,101.77813339233398,0.0,0.0
27.782905000000028,532.537905005573,101.63077239990234,0.0,0.0
27.79958429999897,533.0080908547415,101.48321914672852,0.0,0.0
27.8163454000005,533.4798740295663,101.33102416992188,0.0,0.0
27.832865700000184,533.9441256292214,101.16679229736329,0.0,0.0
27.84983949999878,534.4204815758915,101.03108367919923,0.0,0.0
27.8662774000004,534.8811111714084,100.88068084716797,0.0,0.0
27.882814999999027,535.3437580133622,100.71162872314453,0.0,0.0
27.900069499999518,535.8256264102865,100.53761215209961,0.0,0.0
27.918965200000457,536.3524698298123,100.37396392822266,0.0,0.0
27.93403869999929,536.7720993393357,100.22000427246094,0.0,0.0
27.949784999998883,537.2097265127778,100.05257263183594,0.0,0.0
27.966324999999415,537.6687156770687,99.90090637207031,0.0,0.0
27.982840299999225,538.1263387172236,99.75252914428711,0.0,0.0
27.999621699998897,538.5908102649589,99.63993301391602,0.0,0.0
28.01632260000042,539.051974938854,99.40738677978516,0.0,0.0
28.032865799999854,539.5080996400575,99.2582405090332,0.0,0.0
28.049761899999794,539.9732611763294,99.11053619384766,0.0,0.0
28.066269099999772,540.4271155084974,98.97957229614258,0.0,0.0
28.082879399999,540.8830861562716,98.82388229370117,0.0,0.0
28.09967610000058,541.3435622238378,98.69282913208008,0.0,0.0
28.116318399999727,541.7992080685401,98.56360244750977,0.0,0.0
28.13284779999958,542.2510652755036,98.41167526245117,0.0,0.0
28.149513799999113,542.7060510680476,98.28086242675782,0.0,0.0
28.166450999999142,543.1677168241847,98.12700576782227,0.0,0.0
28.18320549999953,543.623691982302,97.97430953979493,0.0,0.0
28.199629099999584,544.0700678616927,97.84414901733399,0.0,0.0
28.216881099999227,544.5382970028268,97.70605773925782,0.0,0.0
28.232942299999195,544.9734438669005,97.53497314453125,0.0,0.0
28.24973250000039,545.4276297486174,97.38235244750977,0.0,0.0
28.266383000000133,545.8773609007205,97.23624801635742,0.0,0.0
28.282839699999386,546.3211371002259,97.07865600585937,0.0,0.0
28.299672900000587,546.774450108524,96.94691619873048,0.0,0.0
28.316171099999337,547.2179766849247,96.77999267578126,0.0,0.0
28.333266899999217,547.6768916748796,96.63741760253906,0.0,0.0
28.436502700000347,550.4443732618357,96.50657730102539,0.0,0.0
28.534105900000213,553.0566923194738,96.35287170410156,0.0,0.0
28.632932499998788,555.698245296097,96.2250114440918,0.0,0.0
28.73478900000009,558.4163599633357,96.06861419677735,0.0,0.0
28.83289049999985,561.0297340911922,95.9021713256836,0.0,0.0
28.932926800000132,563.6889256128384,95.69615707397462,0.0,0.0
29.033292599999186,566.3504961177434,95.46731872558594,0.0,0.0
29.132915700000012,568.9855556911692,95.22103271484376,0.0,0.0
29.232972100000552,571.624397437561,94.94475402832032,0.0,0.0
29.333109699999113,574.2560695964954,94.61001434326172,0.0,0.0
29.43294810000043,576.8708948546933,94.28607559204102,0.0,0.0
29.534062599999743,579.5085068024684,93.9074317932129,0.0,0.0
29.632915199999843,582.0775629216113,93.55952224731446,0.0,0.0
29.73287320000054,584.6642684453682,93.16052627563477,0.0,0.0
29.833209000000352,587.2490157036312,92.73948211669922,0.0,0.0
29.933084500000405,589.8115539410403,92.36637268066407,0.0,0.0
30.032958199999484,592.3631783145264,91.97464141845704,0.0,0.0
30.132990500000233,594.9072061758541,91.55543060302735,0.0,0.0
30.233045400000265,597.4401941143324,91.13753128051758,0.0,0.0
30.333263099999385,599.9655712752171,90.71608886718751,0.0,0.0
30.432964899999206,602.4658533728284,90.2793685913086,0.0,0.0
30.53294939999978,604.9615228500728,89.85802917480468,0.0,0.0
30.632921099999294,607.4451604493764,89.43626403808594,0.0,0.0
30.732878200000414,609.9168453461477,89.01884536743164,0.0,0.0
30.833272800000486,612.3876089810013,88.59788360595704,0.0,0.0
30.93299560000014,614.8305794428977,88.19140319824218,0.0,0.0
31.033077500000218,617.2710492998827,87.78501892089844,0.0,0.0
31.1331670999989,619.699464514548,87.34468688964844,0.0,0.0
31.232951500000127,622.1086020715768,86.91634368896484,0.0,0.0
31.332900600000357,624.5103237282559,86.50601119995117,0.0,0.0
31.432973900000434,626.903024398077,86.07413177490234,0.0,0.0
31.532938399999694,629.2812523980975,85.64661254882813,0.0,0.0
31.63474469999892,631.6920487205807,85.2488182067871,0.0,0.0
